destination,count
3,331
4,10
8,65
9,15
11,3
12,13
14,49
16,23
17,70
18,28
20,2
25,60
26,45
27,35
29,5
31,40
38,16
41,41
46,8
47,32
49,7
52,543
55,13
59,11
70,203
71,152
73,50
81,152
87,20
88,22
91,921
92,2
102,1687
103,12
104,4
109,694
111,32
127,38
131,195
132,4
137,102
140,5
156,1647
158,1
159,111
174,450
205,15
209,2949
217,11
224,38
225,2548
226,414
237,13
239,14
271,53
278,2
286,14
297,2
299,20
376,3
378,26
513,19
553,1338
557,12
558,4
559,647
577,75
600,2
625,2
679,1476
680,109
684,3331
701,1675
702,59
703,1
714,161
721,2
766,17
786,282
794,5
797,320
812,196
852,116
855,4
1103,72
1109,3
1114,3
1133,10
1213,16
1215,20
1221,20
1224,1
1226,46
1239,12439
1241,70
1254,34
1257,13
1267,63
1273,1
1294,3
1299,19
1312,9561
1313,12
1653,18
1659,5058
1668,1516
1680,24
1698,2
1706,48
1712,28
1715,3
1739,63
1741,7
1742,27
1749,18
1757,26
1767,1
1781,8
1784,6
1785,29
1790,3
1797,1
1842,8
1853,37
1889,3
1897,3
1901,332
1916,22
1930,7
1955,161
1967,3
2013,95
2018,5
2033,5
2042,4
2044,1
2107,12
2108,10818
2110,24
2116,28
2119,1
2140,277
2152,13058
2165,2
2200,58
2259,11
2269,2
2379,7
2386,77
2418,6
2497,30
2500,6
2501,19
2506,1
2510,3
2514,4339
2516,3
2518,22
2519,7
2527,9
2529,4
2552,9
2553,147
2572,24
2607,1
2611,9
2614,210
2637,58
2642,7
2647,2
2669,6
2686,12
2697,855
2701,2
2706,2
2711,4
2714,46
2715,501
2764,3
2819,32
2828,3782
2833,18
2834,23
2843,16
2846,6
2852,23
2854,5
2856,56
2857,8
2897,3
2900,861
2907,60
2911,159
2914,1821
2915,45
2939,1
3064,179
3079,6
3089,5
3112,24
3130,2
3209,562
3215,144
3216,7
3228,1
3240,179
3242,1
3243,4
3246,27
3249,12
3257,8
3262,2
3265,106508
3267,3841
3268,34
3269,1610
3292,39
3301,11
3307,11948
3313,5
3320,4373
3330,5
3333,2
3340,23
3352,47
3354,14
3356,2453
3379,44
3388,32
3428,31
3446,5
3450,4
3452,2
3458,20
3462,12786
3464,7
3479,5
3491,25
3495,8
3505,6
3527,10
3549,154
3557,107
3561,8439
3575,12
3582,48
3591,7
3593,3
3595,121
3598,52
3614,128
3659,15
3671,1059254
3680,2
3699,6
3701,333
3707,202
3720,6
3729,12
3734,1
3737,4
3741,24
3742,12
3758,1
3786,158
3790,355
3794,41
3816,1317
3851,3
3901,18
3909,1
3911,3
3957,61
3999,73
4058,2
4130,4
4134,9022
4181,185
4182,411
4230,591
4264,77
4265,371
4266,181
4267,52
4279,2103
4323,1078
4355,66
4378,38
4385,6
4436,207
4513,478
4515,23
4538,646
4544,19
4565,25
4589,49
4605,1
4609,6
4613,6
4618,19
4621,4
4637,7
4645,1
4657,32
4663,8
4665,63
4668,1
4670,14
4675,29
4678,2
4682,1
4686,1
4691,6
4694,3
4713,2881
4716,3
4723,5
4725,2890
4732,636
4739,25
4741,2
4747,7
4750,17
4755,322
4760,90
4765,16
4766,19140
4771,9
4775,4
4780,36
4788,1760
4795,3
4802,2
4804,14
4808,137
4812,966
4814,101
4837,7271
4847,5
4927,2
4977,5
4983,689
4996,51
5006,1
5033,1
5048,288
5061,19
5067,27
5078,64
5087,1
5089,21
5377,1
5379,3
5384,6
5390,16
5396,145
5400,10
5408,20
5410,14
5413,70
5417,14
5430,3
5432,6
5462,19
5464,1
5466,12
5483,9
5486,2
5511,2
5539,20
5550,17
5552,1
5561,13
5603,1
5610,11
5615,1
5617,3452
5631,2
5645,1
5650,6907
5653,16
5661,26
5662,3781
5663,1
5668,3
5686,43
5691,4
5693,3
5713,20
5719,31
5723,51
5731,5
5739,9
5744,514
5760,1
5763,16
5774,135
5778,22
5779,7192
5786,327
5872,1
5957,1
6057,28
6079,54
6102,2
6106,64
6122,1
6128,56
6130,2
6140,618
6147,64
6167,2
6181,4
6197,50
6198,5
6221,23
6245,5
6261,1
6263,2
6307,93
6315,2
6316,3
6318,357
6325,6
6327,59
6332,3
6334,407
6337,5
6342,74
6348,1
6350,1
6354,86
6356,18
6360,7
6364,59
6366,16
6372,1
6381,6
6385,13
6386,2
6388,2
6395,20
6400,51
6405,33
6407,1
6408,39
6412,1
6428,34
6429,1
6431,1
6432,2419
6453,393
6459,55
6461,574
6467,161
6471,3
6472,2
6478,6673
6496,14
6503,4
6508,1
6510,5
6517,3801
6539,4353
6568,16
6577,1
6580,1
6619,1
6621,1
6629,6
6641,5
6648,1
6650,5
6678,16
6700,1
6702,1
6713,32
6724,232
6728,1
6730,1
6731,1
6739,6
6740,3
6746,787
6778,1
6799,4
6802,19
6805,1
6821,1
6830,416
6848,2
6850,7
6855,2
6866,18
6867,2
6871,11
6893,1
6903,1
6917,2
6936,3
6939,436
6966,10
6971,53
6981,4
6983,7
6984,1
6992,34
6993,44
6994,5
7011,6
7015,2331
7016,9
7017,1
7018,24652
7021,3
7029,14
7045,2
7046,55
7065,186
7066,7
7091,83
7105,3
7113,6
7132,10275
7151,3
7224,46
7228,4
7233,1
7252,1
7258,3
7260,68
7263,3
7265,1
7296,2
7301,8
7303,8
7314,8043
7317,33
7324,2
7332,9
7333,24
7341,1
7342,63
7349,375
7355,170
7362,11
7377,9016
7384,2
7385,2
7393,40
7395,19
7418,3
7455,15
7470,20
7472,11
7482,43
7491,3
7496,2
7497,750
7499,1
7506,1
7509,11
7535,1
7539,1
7543,40
7545,16
7552,5
7557,2
7575,17
7582,3
7602,6
7629,3
7643,20
7693,2
7718,1
7725,16
7726,40
7735,19
7738,37
7743,444
7757,4
7770,1
7774,11
7776,2
7788,8
7794,2
7796,54
7805,3
7837,10
7838,19
7839,95
7847,14
7853,1
7859,136
7872,46
7891,2
7893,14
7896,18
7912,12
7939,18
7941,7
7961,3
7992,1
7996,3873
8001,235
8002,20
8011,2
8014,1
8043,3
8047,4
8048,4
8052,2
8062,6
8069,1092
8070,1151
8075,1765
8111,3
8112,1
8113,5
8119,2
8121,81
8134,1
8137,108
8151,339
8163,1
8166,51
8167,774
8176,117
8180,5
8182,164
8188,7
8190,15
8196,14
8220,63
8228,4
8240,1
8246,16
8253,13
8282,42
8304,1
8315,5
8321,7
8323,2
8339,2
8341,7
8342,150
8343,173
8346,2
8359,15
8362,5
8365,6
8376,35
8394,1
8400,145
8401,1
8402,8281
8404,44
8422,30
8434,2
8447,1
8452,2
8468,7
8473,360
8509,1
8514,9
8517,7
8522,10
8529,1
8551,1
8553,1
8560,1339
8584,1
8605,14
8608,1
8615,1
8638,5
8642,77
8643,32
8689,2524
8696,1
8705,2
8708,626
8732,1
8737,5
8751,1
8764,11
8820,11
8839,1
8866,5
8871,1
8881,12
8912,5
8939,1
8970,11
8972,77
8997,1
9038,4
9044,1
9050,3
9080,3
9095,11
9105,2
9116,13
9121,81
9132,1
9141,9
9143,7
9145,3
9148,4
9155,20
9156,689
9167,18
9194,124
9218,6
9221,5
9244,2
9269,5
9271,21
9277,5
9298,5
9299,2
9304,1230
9305,1
9308,169
9316,20120
9318,13480
9353,5
9370,2307
9371,6097
9381,2
9394,95
9415,4
9416,9
9431,6
9443,5
9452,2
9457,28
9459,2
9471,10
9488,1
9498,92
9506,1831
9534,3
9551,3
9583,1162
9584,4
9600,1
9613,1
9617,2
9625,127
9658,1
9686,2
9694,1
9701,7
9706,22
9708,2
9712,10
9723,13
9729,20
9738,1
9768,25
9800,5122
9803,57
9806,4
9808,1115
9811,1
9812,52
9814,2
9824,6
9829,190
9830,2
9831,5
9837,5
9848,3428
9853,1
9908,16
9916,505
9919,15
9924,1359
9929,134
9930,12
9931,5
9943,2
9976,2
10013,20
10026,5
10029,1
10036,2
10052,2
10077,5
10091,5
10098,13
10101,1
10139,11
10154,3
10197,9
10201,1
10204,5
10223,1
10271,15
10292,16
10297,2
10311,2
10316,86
10318,8
10343,155
10421,28
10429,165
10430,5
10437,3
10439,4627
10442,37
10464,1
10473,3
10481,5
10507,1
10530,1
10532,106
10552,4
10565,120
10598,3
10620,70
10683,2
10692,13
10694,3
10701,2
10704,1
10736,1
10738,26
10745,48
10753,12
10754,1
10755,182
10763,328
10788,289
10790,147
10794,1181
10796,283
10823,4
10834,2
10837,36
10838,2
10843,9
10849,2
10882,2
10884,69
10910,160
10912,229
10913,54
10933,106
10938,2
10950,5
10965,7
10966,2
10970,1
10978,1
10994,11
11022,11
11023,13
11040,21
11051,21
11060,4
11062,18
11071,1
11078,31
11103,9
11106,17
11111,2
11115,84
11146,2
11172,9
11175,2
11184,31
11232,2
11257,1046
11266,1409
11274,18
11279,4
11290,17
11303,39
11305,280
11329,29
11339,1
11351,2957
11383,24
11398,10
11403,2
11414,1005
11421,5
11426,25
11427,32
11440,4
11442,11
11456,23
11457,1
11473,1
11478,1
11479,84
11486,1077
11492,1
11499,16
11509,26
11530,10
11532,1
11537,3
11556,2
11563,12
11565,5
11588,14
11590,8
11604,2
11608,4
11625,1
11634,1
11643,216
11646,1
11664,2
11669,95
11683,1
11686,2
11700,4
11707,3
11734,3
11736,5
11739,12
11743,11
11745,1
11771,10
11776,4
11790,8
11814,1
11817,4
11819,1
11829,7
11834,7
11840,9
11845,23
11892,2
11908,48
11913,2
11921,1
11922,36
11939,168
11941,4
11944,671
11955,8
11995,7
12006,16
12021,2
12066,6
12079,58
12111,55
12129,9
12131,5
12147,66
12156,4
12167,1
12168,2701
12173,4088
12179,347
12180,41
12181,28
12182,958
12188,48
12217,106
12222,1003
12251,1
12252,150
12257,1
12260,4
12262,2
12270,1
12271,17
12293,6
12297,8
12302,2807
12306,14
12312,21
12322,6975
12334,1
12337,4
12338,1
12350,4
12357,3
12363,23
12386,1
12390,6
12392,115
12406,3
12420,1
12424,1
12430,1
12437,2
12479,9
12486,1
12501,5
12513,5
12524,1
12542,2
12552,49
12564,1
12578,53
12620,1
12651,2
12653,3
12670,1
12708,1
12709,2
12721,1
12735,1
12741,1
12742,2
12769,10
12778,1
12829,1
12832,9
12859,519
12874,15
12876,5
12880,11
12883,1
12917,1
12929,1
12946,2
12968,11
12969,1
12970,1
12996,1
13030,6
13041,43
13046,3
13066,1
13074,3
13091,2
13118,1
13121,2
13156,1
13184,15
13193,1
13213,7
13237,11
13285,1
13307,1
13322,20
13323,43
13326,11
13343,39
13353,2
13367,4
13401,42
13407,10
13409,4
13432,3
13446,2
13462,2766
13471,29
13488,23
13513,1
13571,56
13582,1
13593,5
13601,196
13609,12
13640,33
13649,13
13650,15
13664,1
13671,1
13672,1
13680,1458
13693,11
13703,10
13733,4
13749,17985
13756,190
13760,1
13767,71
13768,1765
13789,11
13797,1
13827,53
13845,3
13867,390
13884,2
13890,315
13894,3
13911,6
13930,4
13989,3
14000,1
14033,96
14051,6
14080,1
14113,5
14116,5
14117,6
14127,625
14131,1
14134,4
14135,5
14155,1
14173,50
14242,8
14265,1483
14272,1
14280,14
14291,1
14297,17
14299,8
14340,1
14345,1
14361,84
14366,12
14383,48
14390,2
14398,4
14425,378
14443,17
14446,59
14480,1
14492,148
14494,47
14501,1112
14537,6
14550,7
14566,100
14571,1
14576,2
14585,5
14589,13
14690,5
14711,31
14719,41
14742,84
14743,159
14744,432
14745,20
14750,2
14776,22
14777,261
14778,718
14779,241
14780,15740
14806,99
14825,6
14829,140
14833,6
14835,3
14857,1
14904,66
14912,49
14925,13
14938,1
14985,10
14992,79
15065,3
15076,2501
15083,373
15087,2
15104,199
15130,3
15141,2
15169,53571
15171,13
15180,631
15201,4
15216,13
15226,101
15227,842
15244,1
15247,6
15270,53
15290,38
15293,1
15305,18
15311,1
15318,5
15334,29
15389,23
15395,22
15409,1
15412,23
15418,2
15464,4
15471,8
15475,2
15496,22
15497,1
15500,1
15512,9
15542,11
15557,8
15598,29
15623,1
15635,12
15641,2
15649,5
15663,1
15670,1
15685,1
15703,9
15706,2
15756,1
15763,1
15772,2
15802,3502
15830,23
15833,4
15837,86
15857,11
15929,2
15945,4
15965,9
15974,8
16010,2
16046,1
16086,2
16095,2
16124,5
16131,4
16150,8
16195,4
16206,979
16230,1
16237,3
16243,9
16245,49
16246,2082
16265,4
16276,22
16306,2
16322,2
16338,6
16339,13
16399,1
16406,2
16429,10
16432,85
16458,2
16467,30
16482,17
16486,1
16509,573
16518,2
16526,67
16531,6
16546,3
16572,194
16582,10
16586,1
16629,1
16667,6
16710,152
16711,48
16713,1
16733,2
16735,11
16755,4
16759,6
16805,47
16807,107
16810,15
16811,1
16814,1
16852,20
16861,27
16912,35
16936,16
16966,108
17012,52
17020,211
17052,2
17054,1
17055,48
17110,58
17147,4
17175,1
17184,41
17200,4
17210,131
17222,5495
17225,464
17226,326
17227,120
17228,74
17229,69
17230,31
17231,56
17232,60
17233,20
17234,2
17358,4
17374,68
17379,2
17392,11
17401,2
17429,17
17430,2
17431,1
17439,7
17443,107
17444,3
17447,1
17455,38
17464,53
17465,15
17477,11
17488,3
17506,13
17537,3
17547,4
17557,2561
17563,2
17608,2
17620,3
17621,16
17622,7
17633,9
17638,1629
17639,1
17672,14
17676,25
17697,2
17709,3
17712,11
17716,2
17771,44
17773,2
17775,11
17785,28
17787,1
17799,4
17813,37
17816,3
17820,4
17826,1
17839,17
17850,12
17854,4
17858,14
17870,2
17877,1
17881,1
17883,28
17896,3
17897,56
17964,1337
17968,8
17971,3
17974,4
18044,1
18101,67
18118,57
18159,5
18177,13
18182,10
18229,1054
18245,59
18264,3
18267,124
18302,617
18310,2
18313,1
18403,2
18447,3
18462,1
18530,53
18549,5
18565,1
18566,161
18588,4
18687,2
18705,2
18712,2
18713,33
18747,1
18754,3
18809,1
18812,7
18832,4
18866,1
18876,1
18881,3
18924,4452
18942,55
19024,36
19029,17
19041,69
19043,20
19057,64
19082,1
19094,40
19115,7
19152,18
19157,1
19169,620
19181,23
19191,25
19200,4
19250,4
19262,1341
19271,15
19288,2
19290,2
19292,7
19296,299
19306,712
19318,27
19332,2
19355,17
19373,5
19429,13
19443,1
19444,12
19535,14
19536,62
19548,6564
19604,2
19647,40
19742,1341
19772,1
19773,4
19817,251
19842,7
19855,2
19864,49
19875,166
19885,7
19893,25
19916,15824
19918,24252
19945,1
20001,244
20013,1
20021,13
20029,7
20057,114
20115,27
20124,11
20141,1
20159,11
20161,57
20172,1
20183,28
20214,8
20231,6
20255,2
20258,14
20284,18
20299,1
20401,57
20461,1020
20468,3
20473,1
20474,20
20484,1
20497,1
20569,3
20597,5
20668,1
20676,8
20685,2
20718,17
20723,5
20759,1
20773,47
20799,1
20804,1
20825,4
20838,1
20849,14
20853,878
20932,1
20934,49
20938,1
20940,1912
20959,2
21003,2
21021,1
21054,26
21120,3
21155,1
21201,4
21220,2
21229,7
21260,8
21309,2
21391,1
21399,2
21459,2
21502,6
21506,2
21522,5
21548,2
21565,2
21568,77
21570,1
21571,2
21599,2
21615,1
21622,6
21637,1
21687,1
21708,4
21709,4
21735,29
21736,13
21744,1
21792,21
21803,1
21817,2
21839,1
21840,27
21844,7618
21845,8
21864,1
21889,1
21910,8
21928,2
21945,19
22001,1
22011,1
22019,1
22026,1
22047,7
22078,2
22152,3
22171,6
22196,15
22205,79
22219,2
22229,12
22277,64
22291,20
22294,7
22364,3
22373,28
22381,1
22489,25
22527,3
22566,2
22572,1
22625,34
22653,733
22658,94
22689,1
22747,91
22753,6
22758,52
22773,54
22781,7
22792,1
22822,771
22846,6
22849,148
22855,1094
22869,1
22883,12
22884,2
22903,2
22909,14
22915,3
22927,13
22958,52
22982,49
23010,2
23081,11
23106,1
23123,10
23143,2
23216,3
23248,4
23273,2
23274,52
23287,8
23320,3
23342,182
23352,20
23377,2
23393,15
23404,2
23500,3
23504,78
23516,5
23520,2
23522,1
23531,2
23563,3
23584,2
23606,5
23649,1
23674,3
23682,11
23719,16
23724,52
23750,78
23771,2
23772,1
23816,1
23844,3
23850,2
23859,639
23880,1
23974,6
23980,1
24005,22
24086,2
24093,3
24138,3
24139,25
24268,1
24373,2
24376,6
24400,456
24407,1
24587,20
24589,30
24600,10
24607,2
24634,2
24638,1
24651,1
24679,409
24731,1
24783,1
24835,3
24851,45
24863,754
24867,30
24900,13
24915,7
24940,12508
24989,1605
24996,1
25022,1
25041,4
25074,49
25086,1
25108,35
25232,6
25248,3
25310,2
25346,1
25351,20
25369,1299
25525,8
25532,2
25560,6
25577,5
25620,1
25653,8
25655,31
25720,5
25737,10
25751,273
25752,3
25761,50
25766,1
25767,5
25786,11
25789,1
25817,7
25847,74
25867,77
25881,8
25897,18
25899,2
25956,12
25969,6
25973,893
25994,1
26010,4
26056,77
26062,113
26085,187
26096,1
26101,3837
26108,12
26201,79
26210,1
26228,92
26229,16
26238,85
26277,19
26347,54
26367,849
26381,5
26407,3
26439,1
26447,42
26452,1
26458,12
26488,2
26496,96
26535,1
26592,3
26627,56
26677,6
26711,3
26753,24
26769,6
26780,3
26803,56
26831,26
26856,34
26904,1
26914,35
26978,33
27183,8
27229,3
27257,148
27262,1
27357,215
27364,67
27431,7
27445,1
27473,2
27474,2
27477,16
27482,2
27522,66
27557,2
27595,66
27596,27
27645,10
27668,1
27696,941
27699,63
27715,26
27738,1
27782,6
27810,74
28502,3
28571,4717
28573,28
28576,505
28677,1
28719,1
28753,2561
28878,1
28919,1
28990,26
29032,2
29075,7
29096,16
29119,1
29131,12
29170,1
29208,14
29222,1
29255,4
29256,3
29278,1
29339,599
29405,1
29415,1
29486,1
29527,2
29544,2
29550,222
29558,2
29562,1
29571,10
29668,68
29686,4
29699,1
29717,54
29720,126
29737,3
29738,2
29748,5
29791,35
29796,6
29802,6
29816,9
29825,1
29838,3
29854,491
29863,2513
29870,1
29873,328
29895,2103
29933,1
29960,19
29973,12
29975,1
30015,4
30058,5
30060,27
30081,41
30083,3
30099,614
30141,4
30165,2
30176,42
30197,1
30209,9
30217,939
30222,14
30256,6
30282,5
30315,598
30340,10
30373,1
30374,3
30380,193
30387,3
30447,15
30475,61
30491,1
30496,1731
30589,16
30636,4
30678,23
30687,19
30721,2
30756,7
30776,3
30824,1
30858,1
30890,2
30923,1
30975,1
30983,801
30989,1
30998,1
31004,1
31034,6
31094,1
31110,2
31126,1
31167,2
31186,1
31252,1763
31312,1
31405,74
31442,5
31548,1
31591,3
31669,2
31708,25
31797,25
31800,12
31815,355
31820,9
31846,4
31883,49
31898,169
31976,7241
31983,17049
32013,1
32025,17
32067,9
32070,1
32102,88
32181,1
32229,5
32244,50
32267,4
32275,1
32313,64
32329,1
32346,22
32387,3
32392,20
32400,13
32445,4
32475,9
32479,1
32519,1
32575,108
32613,2145
32618,1
32632,1002
32636,7
32666,14797
32706,2
32736,2
32743,14
32748,15
32787,12
32795,1
32798,1
32799,69
32878,15
32934,7
32952,2
32953,1
32962,2
33070,16717
33085,13
33130,7
33176,3
33182,12
33227,1
33260,508
33278,2
33287,131
33314,2
33322,13
33379,21
33419,250
33438,11498
33489,6
33549,2
33552,1
33554,49
33588,21
33650,9347
33651,15432
33653,1
33657,11
33667,1
33668,13
33694,216
33718,1
33724,2
33739,82
33774,5
33775,8
33854,1
33929,3
33951,1
33995,6
34013,5
34033,1
34037,1
34104,13
34126,433
34194,1
34224,1
34317,1
34320,22
34337,1
34512,1
34561,2
34679,2
34768,6
34788,1
34804,1
34823,1
34910,2
34949,1
35005,42
35017,3632
35047,2
35087,1
35118,1
35177,6
35216,15
35249,1
35277,4
35315,54
35511,8
35554,1
35592,1
35654,1
35751,1
35830,3
35832,1
35845,13
35908,7
35911,1
35916,1
35970,6
36017,33
36024,2
36031,20
36066,13
36088,7005
36114,5
36116,28
36149,1
36221,8
36323,15
36347,31
36351,889
36377,1
36384,27
36420,372
36431,53
36493,2
36503,1
36561,167
36643,5
36657,2
36717,6
36727,17
36752,15
36784,6
36816,10
36828,63
36839,143
36850,4
36856,1618
37945,6
38083,6
39386,3
39484,3
39561,1
39570,2
39632,15
39834,1
40028,4
40092,4
