origin,destination,count
0,4,1
0,8,4
0,27,1
0,46,1
0,52,1
0,81,2
0,91,307
0,137,3
0,156,42
0,205,2
0,209,78
0,225,850
0,226,1
0,553,4
0,558,4
0,577,1
0,600,2
0,680,1
0,684,1303
0,701,550
0,702,8
0,714,7
0,766,1
0,786,2
0,812,1
0,852,1
0,1103,1
0,1133,2
0,1213,1
0,1221,3
0,1239,2120
0,1257,3
0,1267,1
0,1273,1
0,1659,615
0,1668,1
0,1680,5
0,1698,2
0,1781,1
0,1785,9
0,1790,2
0,1897,3
0,1901,80
0,1916,1
0,1930,1
0,1955,30
0,1967,1
0,2116,1
0,2119,1
0,2140,2
0,2152,23
0,2379,6
0,2497,1
0,2501,1
0,2514,1448
0,2518,7
0,2519,1
0,2607,1
0,2614,7
0,2697,550
0,2706,2
0,2711,3
0,2764,3
0,2819,9
0,2828,237
0,2854,1
0,2856,22
0,2907,23
0,2914,82
0,2939,1
0,3064,2
0,3112,1
0,3209,34
0,3215,29
0,3216,4
0,3240,1
0,3243,3
0,3246,1
0,3249,12
0,3257,2
0,3262,2
0,3265,1
0,3267,1280
0,3269,86
0,3292,1
0,3320,546
0,3340,2
0,3352,17
0,3356,195
0,3462,2827
0,3491,1
0,3495,7
0,3549,13
0,3561,2698
0,3591,1
0,3595,24
0,3671,1009
0,3680,2
0,3737,1
0,3741,5
0,3758,1
0,3786,17
0,3790,1
0,3909,1
0,4134,278
0,4230,494
0,4279,8
0,4323,18
0,4355,3
0,4385,2
0,4513,103
0,4515,8
0,4538,18
0,4544,18
0,4589,6
0,4609,1
0,4618,6
0,4621,1
0,4665,4
0,4670,11
0,4686,1
0,4713,53
0,4723,1
0,4725,953
0,4732,1
0,4739,10
0,4747,1
0,4750,2
0,4755,105
0,4765,4
0,4766,2775
0,4771,1
0,4775,1
0,4780,25
0,4788,8
0,4795,1
0,4808,8
0,4812,316
0,4814,13
0,4837,1615
0,4847,2
0,4977,3
0,4983,1
0,5006,1
0,5033,1
0,5087,1
0,5089,17
0,5377,1
0,5384,4
0,5390,2
0,5396,13
0,5410,3
0,5413,8
0,5430,3
0,5432,2
0,5462,16
0,5466,11
0,5483,2
0,5486,2
0,5552,1
0,5561,2
0,5603,1
0,5610,4
0,5615,1
0,5617,1878
0,5645,1
0,5650,2
0,5668,1
0,5713,8
0,5731,1
0,5739,5
0,5760,1
0,5778,4
0,6057,5
0,6122,1
0,6128,3
0,6140,37
0,6147,23
0,6197,4
0,6198,3
0,6221,1
0,6261,1
0,6327,15
0,6332,3
0,6342,36
0,6348,1
0,6350,1
0,6354,1
0,6381,1
0,6385,2
0,6386,2
0,6388,1
0,6395,5
0,6400,25
0,6428,1
0,6432,89
0,6453,1
0,6461,43
0,6467,39
0,6471,1
0,6478,4073
0,6496,2
0,6503,4
0,6517,96
0,6539,2
0,6568,7
0,6580,1
0,6619,1
0,6621,1
0,6648,1
0,6678,2
0,6700,1
0,6702,1
0,6713,18
0,6724,79
0,6728,1
0,6730,1
0,6739,6
0,6740,1
0,6746,324
0,6778,1
0,6799,4
0,6802,2
0,6821,1
0,6830,8
0,6848,1
0,6855,1
0,6871,4
0,6903,1
0,6939,70
0,6983,2
0,6993,44
0,7015,274
0,7016,2
0,7017,1
0,7018,39
0,7021,3
0,7029,14
0,7066,2
0,7132,523
0,7228,1
0,7265,1
0,7303,2
0,7314,4051
0,7377,9
0,7393,6
0,7395,1
0,7418,3
0,7455,2
0,7470,11
0,7482,9
0,7491,2
0,7496,1
0,7497,44
0,7506,1
0,7535,1
0,7539,1
0,7543,28
0,7545,1
0,7552,5
0,7557,1
0,7602,6
0,7643,15
0,7693,1
0,7725,2
0,7738,35
0,7757,2
0,7770,1
0,7776,2
0,7788,1
0,7796,23
0,7853,1
0,7891,2
0,7893,14
0,7992,1
0,8001,3
0,8002,8
0,8014,1
0,8047,1
0,8048,1
0,8052,2
0,8075,16
0,8112,1
0,8113,5
0,8134,1
0,8151,88
0,8163,1
0,8166,1
0,8167,29
0,8176,1
0,8220,3
0,8228,2
0,8240,1
0,8304,1
0,8323,2
0,8339,2
0,8341,1
0,8343,171
0,8346,2
0,8359,9
0,8376,3
0,8394,1
0,8400,3
0,8402,2374
0,8404,3
0,8422,23
0,8434,1
0,8447,1
0,8452,2
0,8509,1
0,8514,1
0,8517,2
0,8529,1
0,8551,1
0,8553,1
0,8560,734
0,8584,1
0,8608,1
0,8615,1
0,8638,1
0,8696,1
0,8705,2
0,8708,16
0,8732,1
0,8737,3
0,8751,1
0,8764,3
0,8839,1
0,8866,2
0,8881,1
0,8972,6
0,8997,1
0,9038,4
0,9050,3
0,9080,3
0,9095,1
0,9105,2
0,9116,3
0,9121,69
0,9141,4
0,9143,5
0,9145,2
0,9148,1
0,9277,1
0,9299,2
0,9304,345
0,9316,6814
0,9318,5709
0,9370,837
0,9371,1908
0,9394,11
0,9415,3
0,9416,2
0,9457,2
0,9459,2
0,9498,18
0,9506,4
0,9551,1
0,9583,56
0,9584,1
0,9600,1
0,9613,1
0,9617,2
0,9625,15
0,9686,2
0,9694,1
0,9701,7
0,9706,4
0,9708,1
0,9800,103
0,9803,2
0,9806,4
0,9808,6
0,9811,1
0,9812,1
0,9814,2
0,9824,6
0,9829,30
0,9837,5
0,9853,1
0,9908,2
0,9916,1
0,9919,2
0,9924,1236
0,9929,4
0,9943,2
0,10013,8
0,10029,1
0,10036,1
0,10091,5
0,10139,4
0,10197,1
0,10201,1
0,10292,1
0,10311,2
0,10318,5
0,10421,2
0,10429,2
0,10439,1379
0,10481,5
0,10532,4
0,10738,15
0,10796,15
0,10834,2
0,10838,1
0,10912,7
0,10938,2
0,10978,1
0,10994,8
0,11060,4
0,11062,2
0,11146,2
0,11172,2
0,11232,1
0,11290,7
0,11305,2
0,11351,1215
0,11383,2
0,11398,10
0,11426,15
0,11427,17
0,11473,1
0,11478,1
0,11486,18
0,11492,1
0,11530,3
0,11532,1
0,11556,2
0,11625,1
0,11643,4
0,11646,1
0,11664,2
0,11683,1
0,11707,3
0,11739,1
0,11776,2
0,11790,2
0,11814,1
0,11819,1
0,11829,7
0,11892,2
0,11913,2
0,11921,1
0,11955,4
0,12021,2
0,12129,1
0,12131,5
0,12167,1
0,12173,1055
0,12180,1
0,12217,1
0,12252,53
0,12262,2
0,12270,1
0,12271,5
0,12312,4
0,12322,2851
0,12334,1
0,12338,1
0,12357,1
0,12392,5
0,12420,1
0,12424,1
0,12479,9
0,12486,1
0,12501,5
0,12524,1
0,12542,2
0,12564,1
0,12578,1
0,12620,1
0,12653,3
0,12670,1
0,12708,1
0,12709,2
0,12721,1
0,12735,1
0,12741,1
0,12769,1
0,12829,1
0,12832,1
0,12874,3
0,12876,3
0,12880,1
0,12883,1
0,12929,1
0,12946,2
0,12969,1
0,12970,1
0,12996,1
0,13041,5
0,13066,1
0,13074,3
0,13118,1
0,13121,2
0,13156,1
0,13184,5
0,13193,1
0,13213,1
0,13237,11
0,13307,1
0,13343,5
0,13353,2
0,13367,4
0,13432,3
0,13446,2
0,13462,2744
0,13601,3
0,13609,4
0,13664,1
0,13671,1
0,13672,1
0,13680,2
0,13749,3416
0,13768,6
0,13867,72
0,13890,22
0,13989,3
0,14000,1
0,14080,1
0,14117,1
0,14127,301
0,14155,1
0,14272,1
0,14280,1
0,14291,1
0,14361,7
0,14383,2
0,14390,2
0,14480,1
0,14492,9
0,14501,405
0,14571,1
0,14576,1
0,14719,1
0,14742,11
0,14743,1
0,14779,15
0,14780,11
0,14857,1
0,14912,2
0,15083,203
0,15169,16
0,15180,2
0,15201,3
0,15244,1
0,15270,12
0,15290,2
0,15318,4
0,15334,8
0,15389,6
0,15395,9
0,15412,2
0,15471,1
0,15475,2
0,15497,1
0,15500,1
0,15512,2
0,15542,1
0,15557,2
0,15623,1
0,15635,4
0,15641,2
0,15663,1
0,15685,1
0,15703,1
0,15756,1
0,15763,1
0,15772,1
0,15802,1385
0,15833,4
0,15857,4
0,15965,1
0,16010,2
0,16086,1
0,16124,1
0,16230,1
0,16245,2
0,16246,2
0,16265,3
0,16338,6
0,16339,1
0,16486,1
0,16509,11
0,16526,1
0,16586,1
0,16629,1
0,16713,1
0,16735,3
0,16755,4
0,16805,2
0,16810,2
0,16811,1
0,16814,1
0,17012,2
0,17175,1
0,17184,3
0,17222,1
0,17227,1
0,17228,32
0,17401,2
0,17430,1
0,17439,1
0,17443,37
0,17444,2
0,17464,1
0,17465,2
0,17488,3
0,17506,2
0,17557,264
0,17563,2
0,17608,1
0,17621,9
0,17633,4
0,17638,599
0,17639,1
0,17676,4
0,17712,1
0,17771,44
0,17787,1
0,17799,3
0,17813,1
0,17839,3
0,17858,4
0,17870,2
0,17881,1
0,17896,2
0,17897,4
0,17964,239
0,17968,8
0,17974,1
0,18044,1
0,18101,2
0,18177,2
0,18229,83
0,18245,2
0,18264,1
0,18302,120
0,18313,1
0,18403,2
0,18565,1
0,18566,3
0,18712,2
0,18747,1
0,18812,1
0,18832,1
0,18866,1
0,18876,1
0,18881,3
0,18942,3
0,19082,1
0,19094,4
0,19115,6
0,19157,1
0,19169,412
0,19191,1
0,19262,228
0,19271,6
0,19290,2
0,19296,22
0,19318,1
0,19332,1
0,19429,3
0,19444,4
0,19548,3371
0,19742,4
0,19772,1
0,19864,49
0,19893,8
0,19916,6
0,20001,8
0,20013,1
0,20115,17
0,20161,2
0,20172,1
0,20183,1
0,20214,3
0,20231,6
0,20255,2
0,20258,14
0,20299,1
0,20401,3
0,20468,2
0,20484,1
0,20497,1
0,20597,1
0,20668,1
0,20676,1
0,20685,2
0,20773,4
0,20799,1
0,20804,1
0,20825,1
0,20838,1
0,20853,872
0,20934,28
0,20938,1
0,20959,1
0,21003,2
0,21021,1
0,21155,1
0,21201,4
0,21220,2
0,21391,1
0,21502,1
0,21522,2
0,21565,1
0,21570,1
0,21571,2
0,21615,1
0,21637,1
0,21687,1
0,21709,1
0,21744,1
0,21840,1
0,21844,16
0,21864,1
0,21889,1
0,22019,1
0,22047,7
0,22205,1
0,22291,14
0,22364,3
0,22381,1
0,22566,2
0,22572,1
0,22653,202
0,22773,7
0,22869,1
0,22909,9
0,22927,13
0,23106,1
0,23216,1
0,23352,1
0,23404,2
0,23500,3
0,23520,2
0,23522,1
0,23531,2
0,23606,1
0,23649,1
0,23674,1
0,23771,2
0,23772,1
0,23844,1
0,23850,2
0,23859,1
0,23974,1
0,24093,3
0,24138,1
0,24400,105
0,24407,1
0,24587,4
0,24638,1
0,24651,1
0,24679,102
0,24731,1
0,24783,1
0,24835,3
0,24851,4
0,24863,13
0,24867,30
0,24900,1
0,24915,2
0,24940,3422
0,24989,681
0,25074,4
0,25248,2
0,25310,1
0,25346,1
0,25351,2
0,25369,323
0,25560,2
0,25620,1
0,25653,3
0,25761,1
0,25766,1
0,25789,1
0,25847,1
0,25956,1
0,25973,4
0,25994,1
0,26085,58
0,26096,1
0,26101,45
0,26210,1
0,26228,1
0,26277,1
0,26347,3
0,26407,3
0,26452,1
0,26496,1
0,26592,3
0,26831,26
0,26904,1
0,27183,1
0,27229,3
0,27257,1
0,27262,1
0,27357,22
0,27364,3
0,27668,1
0,27696,55
0,27699,38
0,27715,1
0,27810,1
0,28502,3
0,28571,1539
0,28573,24
0,28677,1
0,28719,1
0,28753,53
0,28878,1
0,28919,1
0,29032,2
0,29075,1
0,29096,2
0,29119,1
0,29170,1
0,29255,2
0,29278,1
0,29339,575
0,29405,1
0,29415,1
0,29486,1
0,29550,5
0,29558,2
0,29562,1
0,29571,8
0,29717,47
0,29748,1
0,29791,1
0,29863,1
0,29870,1
0,29933,1
0,29975,1
0,30099,19
0,30141,4
0,30165,2
0,30222,11
0,30256,1
0,30315,5
0,30373,1
0,30374,3
0,30380,7
0,30496,594
0,30721,2
0,30776,3
0,30824,1
0,30890,2
0,30923,1
0,30975,1
0,30983,18
0,30998,1
0,31034,1
0,31126,1
0,31186,1
0,31252,169
0,31548,1
0,31820,9
0,31976,122
0,31983,4358
0,32244,4
0,32445,4
0,32475,1
0,32479,1
0,32519,1
0,32575,2
0,32613,258
0,32632,1
0,32636,7
0,32666,3698
0,32736,2
0,32798,1
0,32953,1
0,33070,8220
0,33182,8
0,33227,1
0,33287,85
0,33322,3
0,33379,21
0,33489,5
0,33552,1
0,33650,5
0,33651,13
0,33657,11
0,33667,1
0,33668,10
0,33724,1
0,33774,2
0,33775,1
0,33854,1
0,33951,1
0,33995,2
0,34033,1
0,34037,1
0,34126,28
0,34194,1
0,34224,1
0,34317,1
0,34337,1
0,34512,1
0,34561,2
0,34788,1
0,34804,1
0,34910,2
0,34949,1
0,35005,5
0,35017,193
0,35047,2
0,35087,1
0,35118,1
0,35249,1
0,35511,1
0,35554,1
0,35592,1
0,35654,1
0,35751,1
0,35830,1
0,35908,2
0,35911,1
0,35916,1
0,35970,6
0,36066,1
0,36149,1
0,36351,6
0,36377,1
0,36420,4
0,36493,2
0,36503,1
0,36727,13
0,36752,2
0,38083,2
0,39484,1
0,39834,1
1,3,7
1,4,1
1,8,11
1,12,2
1,17,2
1,20,2
1,27,2
1,46,1
1,47,1
1,52,6
1,55,2
1,73,18
1,81,4
1,87,1
1,137,11
1,156,1166
1,158,1
1,174,14
1,205,3
1,209,18
1,224,23
1,226,2
1,278,2
1,286,3
1,376,1
1,553,3
1,577,56
1,680,21
1,701,323
1,702,3
1,703,1
1,714,2
1,721,2
1,766,1
1,786,9
1,812,2
1,852,9
1,855,2
1,1103,14
1,1133,1
1,1221,5
1,1239,552
1,1241,38
1,1257,4
1,1299,17
1,1659,16
1,1668,20
1,1739,63
1,1741,2
1,1781,6
1,1785,2
1,1790,1
1,1901,80
1,1916,14
1,1955,42
1,1967,2
1,2018,5
1,2107,4
1,2108,10818
1,2116,2
1,2152,4
1,2200,21
1,2379,1
1,2418,2
1,2497,1
1,2501,7
1,2510,1
1,2516,3
1,2518,15
1,2519,2
1,2614,4
1,2647,2
1,2697,116
1,2711,1
1,2819,7
1,2828,30
1,2852,12
1,2856,21
1,2897,3
1,2900,4
1,2907,8
1,2914,26
1,3064,1
1,3089,5
1,3112,6
1,3215,26
1,3216,2
1,3228,1
1,3242,1
1,3257,1
1,3265,105272
1,3269,220
1,3292,16
1,3307,11948
1,3320,2200
1,3340,1
1,3352,3
1,3354,4
1,3356,174
1,3388,2
1,3446,5
1,3452,2
1,3462,1835
1,3491,3
1,3505,1
1,3549,9
1,3561,728
1,3591,1
1,3595,15
1,3734,1
1,3741,8
1,3786,83
1,3790,128
1,3794,29
1,3999,3
1,4058,2
1,4134,1011
1,4230,64
1,4266,119
1,4323,44
1,4436,4
1,4513,101
1,4515,5
1,4538,79
1,4544,1
1,4565,3
1,4589,2
1,4609,5
1,4613,6
1,4618,7
1,4621,3
1,4645,1
1,4657,10
1,4665,22
1,4668,1
1,4670,2
1,4691,1
1,4713,15
1,4732,6
1,4739,2
1,4741,2
1,4747,2
1,4750,4
1,4755,14
1,4766,4565
1,4775,1
1,4788,12
1,4795,2
1,4802,2
1,4804,4
1,4808,19
1,4812,221
1,4814,27
1,4837,1911
1,5078,8
1,5089,1
1,5379,3
1,5384,2
1,5390,2
1,5396,3
1,5400,1
1,5408,4
1,5413,12
1,5432,1
1,5462,3
1,5617,61
1,5663,1
1,5668,2
1,5693,1
1,5713,5
1,5719,2
1,5723,1
1,5763,2
1,5778,2
1,5872,1
1,6057,2
1,6079,9
1,6128,10
1,6140,183
1,6147,17
1,6181,2
1,6197,6
1,6198,2
1,6221,2
1,6316,3
1,6325,2
1,6327,10
1,6364,2
1,6385,2
1,6388,1
1,6395,5
1,6400,26
1,6405,29
1,6412,1
1,6453,1
1,6461,329
1,6467,36
1,6471,2
1,6478,41
1,6577,1
1,6713,12
1,6724,30
1,6731,1
1,6746,44
1,6802,1
1,6805,1
1,6830,8
1,6848,1
1,6855,1
1,6867,1
1,6939,17
1,7015,1507
1,7016,6
1,7018,35
1,7046,17
1,7132,1732
1,7233,1
1,7303,2
1,7314,3
1,7332,2
1,7385,2
1,7455,1
1,7470,5
1,7482,2
1,7491,1
1,7497,5
1,7499,1
1,7543,4
1,7545,3
1,7557,1
1,7575,13
1,7629,1
1,7643,5
1,7693,1
1,7718,1
1,7738,2
1,7757,2
1,7788,2
1,7794,2
1,7796,12
1,7896,2
1,7941,5
1,8001,4
1,8047,3
1,8048,1
1,8075,95
1,8151,6
1,8166,23
1,8167,8
1,8190,2
1,8220,3
1,8246,12
1,8253,13
1,8282,21
1,8342,70
1,8376,32
1,8400,71
1,8402,1137
1,8514,1
1,8522,2
1,8560,10
1,8708,178
1,8764,3
1,8866,1
1,8881,2
1,8972,12
1,9121,12
1,9155,4
1,9269,4
1,9271,4
1,9277,4
1,9298,5
1,9304,342
1,9316,569
1,9318,359
1,9353,1
1,9370,366
1,9371,3
1,9381,2
1,9394,5
1,9415,1
1,9416,3
1,9457,4
1,9488,1
1,9498,2
1,9534,3
1,9583,86
1,9658,1
1,9706,5
1,9708,1
1,9712,2
1,9738,1
1,9768,7
1,9800,586
1,9803,11
1,9808,16
1,9812,2
1,9829,30
1,9908,12
1,9916,2
1,9919,4
1,9924,3
1,9929,15
1,9930,1
1,9931,5
1,9976,2
1,10013,1
1,10036,1
1,10052,2
1,10101,1
1,10154,3
1,10197,3
1,10292,2
1,10316,4
1,10421,2
1,10429,3
1,10507,1
1,10530,1
1,10620,1
1,10704,1
1,10838,1
1,10994,3
1,11062,1
1,11103,5
1,11115,1
1,11175,2
1,11232,1
1,11351,8
1,11427,8
1,11456,10
1,11457,1
1,11486,92
1,11700,4
1,11776,2
1,11908,8
1,12173,1057
1,12181,17
1,12251,1
1,12252,9
1,12271,4
1,12297,3
1,12302,2807
1,12322,15
1,12386,1
1,12390,6
1,12392,11
1,12430,1
1,12578,2
1,12742,2
1,12769,1
1,12832,1
1,12859,517
1,12880,10
1,12968,2
1,13041,7
1,13046,3
1,13091,1
1,13184,10
1,13407,2
1,13488,2
1,13571,26
1,13601,2
1,13649,1
1,13693,1
1,13749,2546
1,13767,29
1,13768,3
1,14117,1
1,14265,6
1,14280,1
1,14361,8
1,14383,6
1,14398,4
1,14492,1
1,14501,20
1,14576,1
1,14585,5
1,14690,5
1,14742,34
1,14744,8
1,14777,208
1,14778,489
1,14780,29
1,14938,1
1,14985,2
1,15083,6
1,15141,2
1,15169,182
1,15201,1
1,15227,362
1,15270,2
1,15305,4
1,15311,1
1,15412,5
1,15464,1
1,15471,2
1,15496,3
1,15512,1
1,15542,4
1,15557,3
1,15670,1
1,15706,2
1,15772,1
1,15802,1
1,15837,86
1,15929,2
1,15965,1
1,15974,2
1,16086,1
1,16095,2
1,16195,4
1,16206,4
1,16243,9
1,16246,1129
1,16526,21
1,16735,4
1,16810,2
1,16852,5
1,17054,1
1,17147,4
1,17184,9
1,17200,4
1,17379,2
1,17429,6
1,17465,6
1,17506,8
1,17537,3
1,17547,4
1,17608,1
1,17620,1
1,17621,1
1,17622,7
1,17633,2
1,17638,1
1,17672,5
1,17676,9
1,17697,2
1,17709,3
1,17712,5
1,17773,2
1,17775,5
1,17785,6
1,17813,36
1,17820,2
1,17826,1
1,17850,2
1,17854,4
1,17858,10
1,17877,1
1,17883,16
1,17897,18
1,17964,305
1,17971,3
1,17974,3
1,18101,1
1,18118,17
1,18177,1
1,18182,4
1,18229,70
1,18245,50
1,18302,205
1,18310,2
1,18566,8
1,18687,2
1,18809,1
1,18812,1
1,18942,11
1,19029,2
1,19094,5
1,19115,1
1,19169,25
1,19191,18
1,19262,65
1,19318,3
1,19332,1
1,19429,4
1,19444,4
1,19548,16
1,19604,2
1,19742,1
1,19855,2
1,19875,1
1,19916,1
1,19945,1
1,20001,2
1,20115,4
1,20161,26
1,20214,5
1,20401,1
1,20468,1
1,20473,1
1,20474,4
1,20676,2
1,20723,2
1,20759,1
1,20773,28
1,20825,3
1,20932,1
1,21120,3
1,21309,2
1,21565,1
1,21599,2
1,21803,1
1,21840,4
1,21844,32
1,22011,1
1,22291,6
1,22489,2
1,22653,1
1,22689,1
1,22773,12
1,22792,1
1,22846,2
1,22884,2
1,22909,1
1,23143,2
1,23248,4
1,23342,3
1,23563,3
1,23584,2
1,23606,1
1,23674,2
1,23682,11
1,23724,22
1,23974,1
1,23980,1
1,24086,2
1,24138,1
1,24268,1
1,24373,2
1,24376,6
1,24400,79
1,24587,2
1,24589,30
1,24600,10
1,24634,2
1,24679,101
1,24851,2
1,24863,352
1,24900,3
1,24915,1
1,24940,3436
1,25022,1
1,25074,17
1,25086,1
1,25232,2
1,25310,1
1,25369,323
1,25525,1
1,25532,2
1,25560,1
1,25761,23
1,25847,41
1,25897,2
1,25956,2
1,26010,4
1,26228,1
1,26277,5
1,26439,1
1,26627,7
1,26780,3
1,27183,1
1,27257,71
1,27364,2
1,27595,66
1,27645,4
1,27696,749
1,27699,4
1,27715,10
1,27738,1
1,27782,6
1,27810,2
1,28573,4
1,28753,844
1,29131,4
1,29208,4
1,29255,1
1,29256,3
1,29339,2
1,29550,14
1,29571,2
1,29737,3
1,29895,1
1,30015,1
1,30099,3
1,30315,8
1,30340,2
1,30380,40
1,30491,1
1,30496,607
1,30983,40
1,30989,1
1,31094,1
1,31252,1117
1,31797,5
1,31983,4212
1,32013,1
1,32244,5
1,32575,2
1,32613,171
1,32632,1
1,32666,3698
1,32743,14
1,32795,1
1,33130,2
1,33287,15
1,33438,11491
1,33489,1
1,33588,1
1,33650,17
1,33651,5
1,33653,1
1,33668,3
1,33774,3
1,34104,5
1,34320,22
1,34679,2
1,35005,6
1,35017,3371
1,35216,2
1,35315,15
1,35830,2
1,35832,1
1,35908,5
1,36066,2
1,36657,2
1,36727,4
1,37945,3
1,39386,3
1,39632,15
1,40028,1
2,3,11
2,4,1
2,16,21
2,25,11
2,27,1
2,31,1
2,46,1
2,47,11
2,52,536
2,59,8
2,81,85
2,91,307
2,104,3
2,111,17
2,131,193
2,137,3
2,156,169
2,159,111
2,174,19
2,209,1902
2,225,850
2,226,3
2,237,2
2,553,1053
2,577,7
2,679,1443
2,680,3
2,684,721
2,701,356
2,766,1
2,786,149
2,812,192
2,1239,5134
2,1241,30
2,1312,9530
2,1659,1830
2,1853,37
2,1901,80
2,1916,3
2,1930,1
2,1955,21
2,2152,200
2,2497,1
2,2514,1443
2,2519,1
2,2552,9
2,2614,3
2,2637,11
2,2697,31
2,2819,4
2,2828,210
2,2856,1
2,2907,1
2,2914,133
2,2915,45
2,3215,1
2,3243,1
2,3257,1
2,3267,1280
2,3269,14
2,3320,296
2,3340,1
2,3352,26
2,3356,169
2,3388,14
2,3450,4
2,3462,4182
2,3557,43
2,3561,792
2,3575,3
2,3591,1
2,3595,5
2,3598,19
2,3659,15
2,3701,13
2,3786,1
2,4134,552
2,4181,15
2,4230,3
2,4264,1
2,4323,486
2,4513,103
2,4538,27
2,4618,1
2,4691,1
2,4713,12
2,4723,1
2,4725,949
2,4739,6
2,4755,2
2,4760,17
2,4765,2
2,4766,2736
2,4780,2
2,4788,1738
2,4808,1
2,4812,146
2,4814,23
2,4837,1377
2,4983,688
2,5089,1
2,5396,43
2,5413,2
2,5550,4
2,5561,2
2,5617,1228
2,5650,6844
2,5661,26
2,5713,3
2,5739,1
2,6079,10
2,6106,64
2,6128,12
2,6140,2
2,6147,2
2,6315,2
2,6342,36
2,6360,7
2,6364,37
2,6366,13
2,6432,25
2,6461,4
2,6467,36
2,6478,337
2,6517,141
2,6539,4336
2,6568,2
2,6713,2
2,6724,26
2,6746,82
2,7015,447
2,7018,22202
2,7065,115
2,7132,1034
2,7303,1
2,7314,164
2,7342,2
2,7377,8991
2,7393,20
2,7470,1
2,7482,10
2,7497,3
2,7543,3
2,7545,2
2,7774,11
2,7796,4
2,7837,6
2,7847,14
2,7859,4
2,8001,18
2,8069,1083
2,8151,128
2,8167,726
2,8220,2
2,8246,1
2,8402,2389
2,8422,5
2,8514,1
2,8517,1
2,8560,161
2,8708,6
2,8881,1
2,8939,1
2,8972,3
2,9095,1
2,9116,5
2,9304,197
2,9316,9387
2,9318,3271
2,9370,614
2,9371,2
2,9394,3
2,9416,2
2,9506,1827
2,9551,1
2,9583,38
2,9584,1
2,9625,83
2,9706,4
2,9800,744
2,9812,1
2,9829,14
2,9831,5
2,9916,1
2,9919,1
2,9924,2
2,9929,1
2,10013,4
2,10197,1
2,10421,19
2,10429,1
2,10439,1200
2,10598,3
2,10620,64
2,10763,4
2,10796,1
2,10837,36
2,10910,6
2,10933,2
2,11172,1
2,11257,1046
2,11290,2
2,11351,859
2,11414,996
2,11426,4
2,11442,9
2,11486,3
2,11537,3
2,11588,9
2,11686,2
2,11739,1
2,11840,9
2,11845,4
2,11939,168
2,12129,4
2,12156,4
2,12168,3
2,12173,915
2,12179,1
2,12182,143
2,12252,20
2,12260,4
2,12322,1211
2,12392,2
2,12406,2
2,12513,5
2,12578,46
2,12769,1
2,12832,1
2,13041,5
2,13213,1
2,13343,34
2,13680,18
2,13749,4243
2,13867,15
2,13890,63
2,14113,5
2,14127,321
2,14173,1
2,14265,1438
2,14280,1
2,14361,4
2,14425,275
2,14492,1
2,14501,67
2,14537,4
2,14719,12
2,14743,2
2,14779,1
2,14806,2
2,15083,47
2,15169,278
2,15180,306
2,15227,117
2,15270,5
2,15389,8
2,15703,1
2,15802,1175
2,15857,2
2,15965,1
2,16124,1
2,16246,3
2,16322,2
2,16339,1
2,16467,30
2,16509,5
2,16572,194
2,16912,35
2,17055,4
2,17184,1
2,17222,4170
2,17225,4
2,17233,9
2,17429,1
2,17439,1
2,17443,66
2,17444,1
2,17465,2
2,17557,93
2,17638,1020
2,17676,1
2,17712,1
2,17964,364
2,18182,1
2,18229,12
2,18245,2
2,18264,1
2,18302,170
2,18530,53
2,18566,65
2,18812,1
2,19094,2
2,19181,23
2,19262,966
2,19306,75
2,19318,11
2,19429,1
2,19444,4
2,19548,3166
2,19742,2
2,19817,248
2,19875,159
2,19916,1
2,19918,24252
2,20057,114
2,20124,11
2,20597,1
2,20773,1
2,20853,1
2,20934,19
2,20940,30
2,21840,6
2,21844,241
2,21910,2
2,21928,2
2,22625,11
2,22653,260
2,22773,5
2,22822,1
2,23216,1
2,23342,8
2,23504,15
2,23606,1
2,23974,1
2,24400,83
2,24587,2
2,24679,101
2,24863,388
2,24940,2454
2,24989,445
2,25351,2
2,25369,323
2,25655,26
2,25751,7
2,25767,5
2,25973,5
2,26108,2
2,26277,1
2,26535,1
2,26803,56
2,26978,24
2,27183,1
2,27431,7
2,27596,27
2,27696,14
2,27699,4
2,27810,7
2,28571,1539
2,28753,795
2,29075,1
2,29096,3
2,29339,2
2,29550,5
2,29668,28
2,29720,5
2,29863,489
2,30099,498
2,30217,84
2,30315,29
2,30496,211
2,30983,281
2,31034,5
2,31252,196
2,31405,74
2,31983,4099
2,32102,88
2,32244,1
2,32400,2
2,32575,2
2,32613,180
2,32632,1
2,32666,3698
2,33070,5280
2,33260,495
2,33287,11
2,33322,3
2,33419,5
2,33438,5
2,33588,20
2,33650,9265
2,33651,2652
2,33775,1
2,33929,3
2,33995,2
2,34126,378
2,34823,1
2,35005,5
2,35017,2
2,35511,1
2,35845,1
2,36017,1
2,36114,5
2,36323,3
2,36351,15
2,36384,27
2,36420,96
2,36643,5
2,36752,1
2,36828,63
2,36839,8
2,36856,13
2,38083,2
2,39484,1
3,3,2
3,4,1
3,8,12
3,11,1
3,12,2
3,17,2
3,27,4
3,46,2
3,73,1
3,81,4
3,87,1
3,137,6
3,156,2
3,174,2
3,205,3
3,209,3
3,225,1
3,271,1
3,286,1
3,376,1
3,553,4
3,577,1
3,680,10
3,684,2
3,701,11
3,702,6
3,766,3
3,786,4
3,812,1
3,852,12
3,1133,2
3,1213,2
3,1221,1
3,1239,9
3,1257,1
3,1659,7
3,1668,9
3,1680,2
3,1785,4
3,1901,4
3,1930,2
3,1955,8
3,2107,1
3,2116,3
3,2152,26
3,2259,6
3,2418,1
3,2497,2
3,2500,3
3,2501,2
3,2514,1
3,2519,1
3,2527,3
3,2614,6
3,2697,4
3,2828,9
3,2900,2
3,2907,2
3,2914,4
3,3064,1
3,3112,2
3,3215,18
3,3216,1
3,3257,1
3,3269,74
3,3292,2
3,3301,2
3,3320,27
3,3340,2
3,3354,4
3,3356,20
3,3388,2
3,3462,31
3,3491,4
3,3505,2
3,3549,3
3,3561,9
3,3591,1
3,3593,2
3,3595,10
3,3786,6
3,3790,3
3,4134,1127
3,4181,2
3,4230,8
3,4279,10
3,4323,7
3,4385,2
3,4436,4
3,4513,1
3,4515,1
3,4538,145
3,4589,2
3,4618,3
3,4637,3
3,4663,4
3,4665,4
3,4670,1
3,4691,1
3,4713,44
3,4723,1
3,4725,2
3,4732,7
3,4739,2
3,4750,5
3,4755,1
3,4765,1
3,4766,58
3,4775,1
3,4780,1
3,4804,2
3,4808,40
3,4812,71
3,4814,22
3,4837,531
3,5078,15
3,5390,2
3,5396,2
3,5400,1
3,5408,2
3,5410,3
3,5413,9
3,5483,3
3,5511,1
3,5561,2
3,5617,13
3,5650,2
3,5693,1
3,5719,1
3,5763,1
3,5778,2
3,5786,2
3,6057,1
3,6079,10
3,6128,7
3,6140,3
3,6147,8
3,6197,7
3,6221,1
3,6325,1
3,6327,1
3,6342,2
3,6356,2
3,6364,2
3,6385,1
3,6395,4
3,6453,2
3,6461,18
3,6467,1
3,6478,10
3,6496,4
3,6517,10
3,6539,1
3,6568,1
3,6678,1
3,6724,8
3,6746,7
3,6802,6
3,6830,5
3,6850,2
3,6981,2
3,6994,2
3,7015,28
3,7016,1
3,7018,12
3,7066,2
3,7132,60
3,7303,1
3,7332,1
3,7455,5
3,7470,2
3,7482,1
3,7497,229
3,7543,1
3,7545,4
3,7629,1
3,7725,3
3,7788,2
3,7796,2
3,7896,1
3,8011,2
3,8048,2
3,8062,1
3,8070,7
3,8111,1
3,8151,11
3,8166,2
3,8167,7
3,8190,1
3,8196,2
3,8220,9
3,8228,1
3,8315,1
3,8321,1
3,8343,2
3,8359,4
3,8401,1
3,8402,1
3,8514,2
3,8517,1
3,8522,1
3,8560,23
3,8708,9
3,8820,5
3,8866,1
3,8881,2
3,8970,5
3,8972,13
3,9095,3
3,9116,1
3,9155,6
3,9271,2
3,9304,2
3,9316,11
3,9318,22
3,9353,1
3,9370,5
3,9371,6
3,9394,24
3,9457,5
3,9498,2
3,9583,1
3,9584,1
3,9625,2
3,9706,2
3,9712,2
3,9768,2
3,9800,213
3,9803,13
3,9808,8
3,9812,5
3,9829,3
3,9908,2
3,9916,419
3,9919,1
3,9924,3
3,9929,5
3,9930,4
3,10013,1
3,10026,2
3,10197,1
3,10271,4
3,10292,1
3,10421,1
3,10429,1
3,10439,1
3,10843,2
3,10950,1
3,11062,2
3,11103,1
3,11172,1
3,11279,2
3,11290,2
3,11351,6
3,11426,1
3,11530,3
3,11739,1
3,11845,2
3,11908,8
3,12006,16
3,12173,2
3,12181,1
3,12252,3
3,12271,2
3,12297,1
3,12322,10
3,12350,2
3,12392,36
3,12578,1
3,12769,2
3,12832,2
3,12874,2
3,12968,2
3,13041,8
3,13091,1
3,13213,2
3,13285,1
3,13407,2
3,13488,3
3,13571,2
3,13582,1
3,13601,1
3,13609,1
3,13680,2
3,13693,1
3,13749,25
3,13768,4
3,13890,2
3,14051,1
3,14117,1
3,14127,1
3,14265,6
3,14280,1
3,14361,7
3,14383,2
3,14492,2
3,14501,15
3,14744,14
3,14745,2
3,14985,1
3,15083,6
3,15087,1
3,15169,3
3,15180,1
3,15270,3
3,15290,5
3,15305,4
3,15389,2
3,15412,5
3,15464,1
3,15471,1
3,15512,1
3,15542,1
3,15557,1
3,15703,3
3,15802,6
3,15857,1
3,15965,1
3,15974,1
3,16124,1
3,16131,2
3,16206,1
3,16246,1
3,16265,1
3,16276,1
3,16339,4
3,16482,2
3,16526,8
3,16531,2
3,16735,1
3,17055,1
3,17184,9
3,17222,1
3,17226,1
3,17429,3
3,17439,2
3,17443,2
3,17464,28
3,17465,1
3,17557,11
3,17621,1
3,17638,4
3,17676,3
3,17712,2
3,17716,2
3,17775,2
3,17785,5
3,17839,5
3,17850,2
3,17897,13
3,17964,50
3,18118,8
3,18177,2
3,18182,1
3,18229,6
3,18245,1
3,18302,5
3,18566,24
3,18812,1
3,18832,1
3,18942,7
3,19029,2
3,19094,10
3,19169,1
3,19262,5
3,19318,1
3,19429,2
3,19548,1
3,19742,2
3,19817,1
3,19875,2
3,19916,2
3,20115,2
3,20161,1
3,20401,1
3,20474,3
3,20597,2
3,20676,1
3,20718,4
3,20723,2
3,20773,4
3,20853,1
3,20934,1
3,20959,1
3,21229,1
3,21522,1
3,21840,3
3,21844,33
3,22489,1
3,22653,5
3,22773,1
3,22846,1
3,22909,4
3,23724,8
3,23859,1
3,23974,1
3,24139,5
3,24400,7
3,24587,3
3,24607,1
3,24679,2
3,24851,15
3,24900,3
3,24915,2
3,24940,9
3,24989,1
3,25074,2
3,25351,1
3,25369,2
3,25525,2
3,25560,1
3,25577,2
3,25653,1
3,25761,1
3,25956,5
3,25973,2
3,26228,1
3,26277,4
3,26496,18
3,26978,2
3,27183,2
3,27257,9
3,27364,6
3,27645,1
3,27696,1
3,27699,5
3,27715,2
3,28571,4
3,28753,5
3,29075,2
3,29096,3
3,29131,1
3,29208,3
3,29339,2
3,29544,1
3,29550,22
3,29686,2
3,29802,2
3,30015,1
3,30083,1
3,30256,2
3,30315,12
3,30340,2
3,30380,6
3,30496,2
3,30858,1
3,30983,3
3,31252,2
3,31797,2
3,31983,1
3,32229,2
3,32244,1
3,32267,2
3,32387,1
3,32475,1
3,32575,2
3,32613,10
3,32632,3
3,32666,2
3,33130,1
3,33260,1
3,33287,1
3,33650,16
3,33718,1
3,33775,2
3,34104,1
3,35005,7
3,35017,1
3,35177,1
3,35216,1
3,35511,2
3,36066,2
3,36784,1
3,38083,2
3,39570,1
3,40028,1
4,3,1
4,4,1
4,8,2
4,27,1
4,46,1
4,81,21
4,91,307
4,92,2
4,104,1
4,137,40
4,156,265
4,174,133
4,205,1
4,209,3
4,217,2
4,553,1
4,559,522
4,680,1
4,684,1303
4,701,232
4,702,2
4,766,7
4,786,1
4,1103,13
4,1133,1
4,1215,20
4,1239,3809
4,1659,1168
4,1668,168
4,1797,1
4,1901,80
4,1916,3
4,1955,38
4,2110,21
4,2152,30
4,2200,1
4,2501,7
4,2514,1443
4,2519,1
4,2614,5
4,2697,148
4,2715,501
4,2819,10
4,2828,2844
4,2852,11
4,2854,4
4,2856,2
4,2907,19
4,2914,42
4,3209,522
4,3215,6
4,3257,1
4,3265,1196
4,3267,1280
4,3269,49
4,3292,16
4,3301,2
4,3320,1238
4,3340,1
4,3356,201
4,3462,2157
4,3561,340
4,3591,1
4,3595,4
4,3671,1058245
4,3701,14
4,3720,6
4,3729,12
4,3737,3
4,3741,2
4,3786,28
4,3790,215
4,4134,2551
4,4181,125
4,4230,2
4,4264,1
4,4279,2073
4,4323,51
4,4513,103
4,4538,7
4,4565,13
4,4618,1
4,4665,24
4,4691,1
4,4713,17
4,4725,952
4,4732,2
4,4755,8
4,4760,73
4,4765,7
4,4766,4447
4,4808,3
4,4812,56
4,4814,1
4,4837,522
4,5067,2
4,5396,82
4,5413,19
4,5466,1
4,5561,4
4,5617,251
4,5650,11
4,5686,22
4,5713,3
4,5786,321
4,6079,2
4,6140,2
4,6147,2
4,6327,29
4,6337,5
4,6356,4
4,6405,4
4,6428,33
4,6432,73
4,6453,1
4,6461,4
4,6467,36
4,6478,2167
4,6517,11
4,6568,3
4,6724,24
4,6746,8
4,6802,1
4,6992,22
4,7015,2
4,7018,1392
4,7066,1
4,7132,6362
4,7303,1
4,7314,3810
4,7332,2
4,7455,1
4,7482,17
4,7497,23
4,7543,1
4,7545,2
4,7796,2
4,7837,1
4,7859,4
4,7872,46
4,7996,3873
4,8001,6
4,8151,49
4,8166,23
4,8167,1
4,8176,22
4,8220,1
4,8282,21
4,8341,6
4,8400,70
4,8402,2376
4,8422,1
4,8473,211
4,8514,1
4,8517,1
4,8560,46
4,8605,14
4,8642,43
4,8708,101
4,8764,2
4,8871,1
4,8972,7
4,9095,2
4,9145,1
4,9156,53
4,9167,3
4,9304,338
4,9316,3006
4,9318,964
4,9370,477
4,9371,4
4,9394,3
4,9416,2
4,9498,67
4,9551,1
4,9583,51
4,9584,1
4,9625,23
4,9706,4
4,9712,2
4,9800,763
4,9803,4
4,9812,3
4,9829,105
4,9916,1
4,9919,3
4,9929,1
4,10013,2
4,10197,1
4,10421,2
4,10429,1
4,10439,210
4,10532,3
4,10620,1
4,10796,267
4,10910,5
4,10933,5
4,10965,5
4,10970,1
4,11022,4
4,11051,8
4,11062,1
4,11172,1
4,11290,4
4,11351,860
4,11486,4
4,11643,4
4,11739,1
4,11745,1
4,11845,13
4,11908,1
4,12173,1056
4,12179,3
4,12181,3
4,12222,7
4,12252,57
4,12257,1
4,12322,2840
4,12392,2
4,12769,1
4,12832,1
4,12859,2
4,13041,5
4,13213,1
4,13571,21
4,13601,19
4,13680,1
4,13749,2480
4,13767,1
4,13768,8
4,13789,2
4,13890,49
4,14117,1
4,14280,1
4,14361,10
4,14383,14
4,14492,7
4,14501,72
4,14743,3
4,14744,1
4,14777,53
4,14778,229
4,14779,48
4,14780,16
4,15083,5
4,15169,797
4,15180,319
4,15227,362
4,15270,1
4,15290,18
4,15318,1
4,15389,3
4,15409,1
4,15512,2
4,15542,3
4,15703,1
4,15802,926
4,15857,3
4,15965,1
4,16124,1
4,16245,47
4,16246,944
4,16339,1
4,16526,21
4,16582,5
4,16936,16
4,17184,1
4,17222,1320
4,17429,3
4,17439,1
4,17465,2
4,17557,1
4,17620,2
4,17676,2
4,17712,1
4,17964,238
4,18101,49
4,18177,1
4,18229,18
4,18245,2
4,18264,1
4,18302,93
4,18812,1
4,18942,10
4,19024,1
4,19094,2
4,19152,2
4,19169,4
4,19262,41
4,19318,1
4,19548,8
4,19742,25
4,19875,1
4,19916,1
4,20001,234
4,20161,26
4,20773,4
4,20853,1
4,20940,2
4,21844,20
4,22196,15
4,22653,253
4,22753,4
4,22773,25
4,22855,1094
4,23216,1
4,23342,94
4,23393,1
4,23504,2
4,23606,1
4,23859,635
4,23974,1
4,24005,22
4,24400,162
4,24587,2
4,24679,98
4,24851,2
4,24915,1
4,24940,3167
4,24989,478
4,25074,19
4,25248,1
4,25351,2
4,25369,323
4,25560,1
4,25653,2
4,25751,10
4,25761,23
4,25973,1
4,26085,18
4,26101,12
4,26277,1
4,26496,6
4,27183,1
4,27257,15
4,27696,119
4,27699,2
4,27715,10
4,28571,1541
4,28753,856
4,29075,1
4,29096,3
4,29339,3
4,29550,4
4,29668,10
4,29873,14
4,29895,2102
4,30083,1
4,30099,28
4,30256,1
4,30315,82
4,30380,30
4,30496,310
4,30983,453
4,31167,2
4,31252,274
4,31976,7107
4,31983,4375
4,32244,1
4,32575,2
4,32613,171
4,32632,1
4,32666,3698
4,32706,2
4,33070,3052
4,33287,7
4,33322,1
4,33438,2
4,33651,12762
4,33775,1
4,33995,2
4,34126,26
4,35005,5
4,35017,63
4,35315,39
4,35511,1
4,36017,2
4,36420,211
4,36561,6
4,36856,129
4,37945,3
4,39484,1
5,4,1
5,8,12
5,12,2
5,17,1
5,27,2
5,46,1
5,81,4
5,87,1
5,137,8
5,156,1
5,174,2
5,205,4
5,209,34
5,226,2
5,286,6
5,553,10
5,559,4
5,680,8
5,701,5
5,702,11
5,766,1
5,786,4
5,852,8
5,1133,2
5,1221,2
5,1239,4
5,1241,2
5,1257,1
5,1659,4
5,1668,16
5,1785,2
5,1901,4
5,1955,11
5,2042,4
5,2107,2
5,2116,2
5,2152,358
5,2418,2
5,2497,2
5,2501,1
5,2527,4
5,2614,5
5,2697,3
5,2828,18
5,2900,5
5,2907,2
5,2914,7
5,3064,1
5,3112,4
5,3209,3
5,3215,6
5,3257,1
5,3269,63
5,3292,2
5,3301,2
5,3320,22
5,3340,1
5,3354,2
5,3356,29
5,3388,4
5,3462,17
5,3491,2
5,3505,1
5,3549,2
5,3561,116
5,3591,1
5,3593,1
5,3595,7
5,3741,1
5,3786,7
5,3790,3
5,4134,860
5,4230,6
5,4279,2
5,4323,10
5,4436,4
5,4513,2
5,4538,134
5,4589,4
5,4665,2
5,4691,1
5,4713,24
5,4725,2
5,4732,8
5,4750,4
5,4755,2
5,4765,1
5,4766,50
5,4804,6
5,4808,26
5,4812,53
5,4814,5
5,4837,569
5,5078,16
5,5396,1
5,5408,4
5,5410,3
5,5413,4
5,5483,3
5,5561,1
5,5617,5
5,5713,1
5,5719,2
5,5763,4
5,5778,2
5,5786,2
5,6057,2
5,6079,16
5,6128,4
5,6140,3
5,6147,4
5,6167,2
5,6197,13
5,6221,6
5,6325,2
5,6356,4
5,6364,2
5,6385,2
5,6395,2
5,6429,1
5,6432,40
5,6453,2
5,6467,1
5,6478,10
5,6568,1
5,6724,10
5,6740,2
5,6746,2
5,6802,4
5,6830,2
5,6867,1
5,6966,10
5,7015,13
5,7018,67
5,7132,81
5,7303,1
5,7332,2
5,7341,1
5,7342,2
5,7455,4
5,7482,2
5,7497,157
5,7545,2
5,7725,5
5,7788,1
5,7796,2
5,7896,2
5,8001,2
5,8070,319
5,8075,273
5,8111,1
5,8151,2
5,8166,1
5,8167,1
5,8190,4
5,8220,11
5,8315,2
5,8321,1
5,8342,1
5,8402,2
5,8514,1
5,8517,1
5,8522,2
5,8560,5
5,8708,7
5,8866,1
5,8881,2
5,8972,10
5,9116,2
5,9141,5
5,9155,5
5,9156,16
5,9271,4
5,9304,2
5,9316,9
5,9318,13
5,9353,1
5,9370,2
5,9371,3
5,9394,4
5,9457,4
5,9583,2
5,9625,2
5,9706,1
5,9712,2
5,9768,6
5,9800,136
5,9803,8
5,9808,1
5,9812,25
5,9829,3
5,9916,1
5,9919,2
5,9924,1
5,9930,2
5,10013,1
5,10139,7
5,10197,1
5,10223,1
5,10271,5
5,10292,4
5,10421,1
5,10429,1
5,10532,8
5,10552,4
5,10565,1
5,10933,2
5,11062,6
5,11071,1
5,11103,1
5,11172,1
5,11274,1
5,11351,4
5,11486,18
5,11604,2
5,11608,4
5,11845,1
5,11908,16
5,12168,1
5,12173,2
5,12181,1
5,12182,1
5,12222,20
5,12252,3
5,12271,2
5,12297,2
5,12322,16
5,12392,25
5,12578,2
5,12769,2
5,12778,1
5,12832,2
5,12874,6
5,12968,4
5,13041,3
5,13213,1
5,13407,2
5,13488,6
5,13571,3
5,13601,33
5,13609,1
5,13649,2
5,13693,2
5,13749,22
5,13767,1
5,13768,3
5,13867,123
5,14117,2
5,14173,1
5,14265,8
5,14280,1
5,14361,6
5,14366,12
5,14383,2
5,14446,59
5,14492,3
5,14501,8
5,14743,69
5,14744,7
5,14745,4
5,14776,6
5,14779,20
5,14780,2
5,14829,3
5,14985,2
5,15083,4
5,15169,143
5,15270,4
5,15290,2
5,15305,6
5,15389,1
5,15412,5
5,15464,1
5,15471,2
5,15512,2
5,15542,1
5,15557,1
5,15635,4
5,15703,1
5,15802,5
5,15965,1
5,15974,2
5,16206,1
5,16246,1
5,16339,2
5,16509,12
5,16735,1
5,17110,10
5,17184,5
5,17429,2
5,17465,1
5,17557,1
5,17672,4
5,17676,3
5,17775,2
5,17785,4
5,17839,4
5,17850,2
5,17897,7
5,17964,37
5,18118,12
5,18177,5
5,18182,2
5,18229,6
5,18245,1
5,18302,5
5,18566,15
5,18812,1
5,18942,6
5,19029,2
5,19094,9
5,19169,1
5,19191,2
5,19262,7
5,19318,6
5,19742,1
5,19817,1
5,19875,1
5,19916,1
5,20115,2
5,20161,1
5,20401,1
5,20474,6
5,20718,5
5,20773,2
5,20853,1
5,20940,7
5,21229,2
5,21522,2
5,21568,3
5,21840,3
5,21844,140
5,22026,1
5,22489,1
5,22653,6
5,22773,1
5,22781,7
5,22822,20
5,22846,2
5,23719,7
5,23724,12
5,23859,1
5,24138,1
5,24400,3
5,24587,3
5,24679,1
5,24851,4
5,24900,3
5,24915,1
5,24940,9
5,25074,3
5,25232,2
5,25351,4
5,25369,1
5,25525,2
5,25560,1
5,25653,1
5,25751,12
5,25761,1
5,25956,2
5,25973,2
5,26085,29
5,26101,172
5,26201,6
5,26228,1
5,26277,3
5,26458,1
5,26496,2
5,27183,1
5,27257,8
5,27364,2
5,27645,1
5,27696,2
5,27699,3
5,27715,1
5,28753,3
5,29075,1
5,29131,2
5,29208,3
5,29339,1
5,29550,31
5,30015,1
5,30058,2
5,30060,4
5,30209,4
5,30217,10
5,30315,5
5,30340,2
5,30380,12
5,30496,4
5,30983,2
5,31110,1
5,31252,2
5,31797,7
5,31983,1
5,32229,2
5,32387,1
5,32475,4
5,32575,2
5,32613,3
5,32632,3
5,32666,1
5,33130,1
5,33278,2
5,33314,1
5,33650,26
5,33739,5
5,34104,2
5,35005,7
5,35017,1
5,35216,2
5,35511,1
5,36066,4
5,36784,2
5,36839,5
5,39561,1
5,39570,1
5,40028,1
6,3,2
6,4,1
6,8,14
6,12,1
6,17,2
6,27,3
6,46,1
6,73,2
6,81,4
6,87,2
6,137,7
6,156,1
6,174,4
6,205,2
6,209,5
6,225,1
6,226,2
6,271,5
6,286,2
6,376,1
6,553,4
6,680,10
6,684,2
6,701,15
6,702,6
6,766,1
6,786,4
6,852,17
6,1133,2
6,1213,7
6,1221,2
6,1239,19
6,1257,2
6,1659,9
6,1668,20
6,1785,2
6,1901,4
6,1916,1
6,1930,2
6,1955,11
6,2107,2
6,2116,3
6,2152,55
6,2259,1
6,2418,1
6,2497,6
6,2500,3
6,2501,1
6,2510,2
6,2514,1
6,2519,1
6,2527,2
6,2614,11
6,2697,3
6,2819,2
6,2828,13
6,2900,1
6,2907,2
6,2914,6
6,3064,2
6,3112,4
6,3209,2
6,3215,13
6,3257,1
6,3267,1
6,3269,104
6,3292,2
6,3301,5
6,3320,29
6,3340,1
6,3352,1
6,3354,4
6,3356,5
6,3388,4
6,3462,36
6,3491,7
6,3505,2
6,3549,2
6,3561,41
6,3591,1
6,3595,13
6,3741,2
6,3786,10
6,3790,5
6,4134,1512
6,4230,10
6,4279,10
6,4323,12
6,4385,2
6,4436,6
6,4513,2
6,4515,9
6,4538,182
6,4589,2
6,4618,1
6,4637,4
6,4663,4
6,4665,7
6,4691,1
6,4713,24
6,4723,2
6,4725,4
6,4732,8
6,4750,2
6,4765,1
6,4766,62
6,4775,1
6,4780,8
6,4788,2
6,4804,2
6,4808,40
6,4812,103
6,4814,4
6,4837,715
6,5078,19
6,5089,2
6,5390,10
6,5396,1
6,5408,4
6,5410,3
6,5413,8
6,5483,1
6,5539,1
6,5561,2
6,5617,9
6,5650,7
6,5662,1
6,5693,1
6,5719,2
6,5763,6
6,5778,6
6,5786,2
6,6057,4
6,6079,2
6,6128,4
6,6140,3
6,6147,8
6,6197,18
6,6221,6
6,6325,1
6,6356,2
6,6364,2
6,6385,6
6,6395,2
6,6432,2
6,6453,1
6,6467,1
6,6478,24
6,6496,6
6,6517,10
6,6539,1
6,6568,2
6,6678,6
6,6724,8
6,6746,3
6,6802,5
6,6850,5
6,6981,2
6,7015,30
6,7018,15
6,7066,2
6,7132,56
6,7332,2
6,7455,2
6,7470,1
6,7482,2
6,7497,277
6,7543,1
6,7545,2
6,7629,1
6,7725,6
6,7788,2
6,7796,3
6,7896,6
6,8062,2
6,8070,7
6,8075,38
6,8111,1
6,8151,7
6,8166,1
6,8167,2
6,8190,2
6,8196,4
6,8220,8
6,8228,1
6,8315,2
6,8321,4
6,8342,1
6,8359,2
6,8400,1
6,8402,2
6,8422,1
6,8434,1
6,8514,2
6,8517,1
6,8522,2
6,8560,27
6,8708,12
6,8737,2
6,8764,3
6,8820,6
6,8881,2
6,8970,6
6,8972,13
6,9095,3
6,9116,2
6,9155,4
6,9194,4
6,9244,2
6,9269,1
6,9271,6
6,9304,3
6,9305,1
6,9316,14
6,9318,31
6,9353,2
6,9370,5
6,9371,5
6,9394,39
6,9457,4
6,9498,3
6,9583,2
6,9625,2
6,9706,2
6,9712,2
6,9768,4
6,9800,275
6,9803,19
6,9808,27
6,9812,15
6,9829,4
6,9830,2
6,9916,80
6,9919,2
6,9924,2
6,9929,104
6,9930,5
6,10013,3
6,10026,3
6,10197,1
6,10271,6
6,10292,2
6,10421,1
6,10429,1
6,10439,2
6,10532,1
6,10565,11
6,10620,4
6,10950,1
6,11062,6
6,11103,2
6,11172,1
6,11279,2
6,11290,2
6,11303,1
6,11351,4
6,11426,2
6,11486,1
6,11530,4
6,11739,1
6,11845,3
6,11908,15
6,12066,6
6,12173,1
6,12181,1
6,12182,5
6,12222,2
6,12252,5
6,12271,2
6,12297,2
6,12322,21
6,12350,2
6,12357,2
6,12392,34
6,12406,1
6,12578,1
6,12769,2
6,12832,1
6,12874,2
6,12876,2
6,12917,1
6,12968,3
6,13041,10
6,13213,1
6,13407,2
6,13488,6
6,13571,4
6,13601,3
6,13609,1
6,13680,3
6,13693,4
6,13749,23
6,13767,2
6,13768,4
6,13890,1
6,14051,2
6,14127,2
6,14265,19
6,14280,1
6,14345,1
6,14361,8
6,14383,1
6,14492,3
6,14501,16
6,14744,15
6,14745,5
6,14776,3
6,14779,1
6,14985,2
6,15083,12
6,15087,1
6,15169,101
6,15180,3
6,15216,1
6,15227,1
6,15270,3
6,15290,8
6,15305,4
6,15389,3
6,15412,5
6,15464,1
6,15471,2
6,15512,1
6,15542,1
6,15557,1
6,15703,2
6,15802,4
6,15857,1
6,15965,1
6,16124,1
6,16131,2
6,16206,1
6,16246,2
6,16306,2
6,16339,4
6,16482,2
6,16526,10
6,16531,4
6,16735,2
6,16810,2
6,17110,2
6,17184,9
6,17222,3
6,17429,2
6,17431,1
6,17439,2
6,17443,2
6,17447,1
6,17464,24
6,17465,1
6,17506,3
6,17557,9
6,17621,2
6,17633,3
6,17638,5
6,17672,5
6,17676,3
6,17712,1
6,17775,2
6,17785,10
6,17799,1
6,17816,3
6,17839,5
6,17850,6
6,17883,12
6,17896,1
6,17897,14
6,17964,53
6,18118,20
6,18177,2
6,18182,2
6,18229,6
6,18245,1
6,18302,14
6,18566,29
6,18812,1
6,18832,2
6,18942,7
6,19029,2
6,19094,6
6,19191,4
6,19262,4
6,19318,2
6,19429,3
6,19548,2
6,19742,3
6,19817,1
6,19875,1
6,19916,1
6,20115,2
6,20161,1
6,20401,28
6,20474,4
6,20597,1
6,20723,1
6,20773,4
6,20853,2
6,20934,1
6,20940,6
6,21229,4
6,21840,3
6,21844,28
6,22277,2
6,22489,1
6,22653,6
6,22773,3
6,22846,1
6,23606,1
6,23724,10
6,23844,2
6,23859,1
6,23974,1
6,24139,20
6,24400,7
6,24587,3
6,24607,1
6,24679,4
6,24851,18
6,24863,1
6,24900,3
6,24940,11
6,25074,4
6,25232,2
6,25351,4
6,25369,4
6,25525,3
6,25577,2
6,25653,1
6,25761,1
6,25899,2
6,25956,2
6,25973,2
6,26101,27
6,26228,2
6,26277,4
6,26496,15
6,26978,2
6,27183,1
6,27257,10
6,27364,16
6,27645,4
6,27696,1
6,27699,6
6,27715,2
6,28571,1
6,28753,5
6,29075,1
6,29096,5
6,29131,2
6,29208,4
6,29339,1
6,29544,1
6,29550,63
6,29686,2
6,29802,2
6,29854,472
6,30015,1
6,30083,1
6,30256,2
6,30315,8
6,30340,4
6,30380,17
6,30496,2
6,30983,3
6,31252,3
6,31669,2
6,31797,8
6,31883,2
6,31983,1
6,32229,1
6,32267,2
6,32387,1
6,32475,1
6,32575,2
6,32613,9
6,32632,3
6,32666,2
6,33182,1
6,33260,2
6,33287,12
6,33314,1
6,33650,18
6,33775,3
6,34104,2
6,34126,1
6,35005,7
6,35017,1
6,35177,4
6,35216,7
6,35277,4
6,35511,2
6,36066,4
6,36752,6
6,36784,1
6,36856,37
6,40028,1
7,3,34
7,4,1
7,12,4
7,14,9
7,17,62
7,31,3
7,38,2
7,41,31
7,55,1
7,71,85
7,73,7
7,87,13
7,88,18
7,109,349
7,127,6
7,131,2
7,137,7
7,174,55
7,209,212
7,217,2
7,225,14
7,226,20
7,237,3
7,239,1
7,271,27
7,286,2
7,378,2
7,553,13
7,559,3
7,680,4
7,701,88
7,714,63
7,766,2
7,786,2
7,852,63
7,855,2
7,1103,17
7,1213,2
7,1221,2
7,1224,1
7,1226,41
7,1239,357
7,1257,1
7,1659,2
7,1668,33
7,1680,1
7,1741,5
7,1781,1
7,1784,2
7,1785,10
7,1889,2
7,2033,5
7,2107,2
7,2116,14
7,2140,13
7,2152,1515
7,2200,23
7,2529,4
7,2572,24
7,2611,1
7,2637,11
7,2642,7
7,2686,12
7,2828,5
7,2833,17
7,2856,7
7,2914,208
7,3112,6
7,3130,2
7,3246,26
7,3265,20
7,3269,2
7,3313,2
7,3320,12
7,3330,4
7,3333,2
7,3356,141
7,3428,31
7,3491,5
7,3495,1
7,3557,1
7,3561,648
7,3575,2
7,3582,48
7,3598,2
7,3614,20
7,3699,2
7,3701,166
7,3786,5
7,3911,3
7,4130,2
7,4134,16
7,4230,2
7,4264,28
7,4265,14
7,4266,16
7,4323,40
7,4436,8
7,4513,13
7,4538,2
7,4565,7
7,4589,33
7,4657,22
7,4713,1
7,4732,2
7,4747,4
7,4766,31
7,4814,3
7,4837,22
7,5067,18
7,5078,2
7,5408,4
7,5410,2
7,5413,6
7,5432,3
7,5550,13
7,5631,2
7,5650,5
7,5691,4
7,5763,2
7,5778,6
7,6057,10
7,6079,2
7,6102,2
7,6128,13
7,6140,8
7,6221,6
7,6263,2
7,6334,2
7,6354,27
7,6356,4
7,6372,1
7,6395,2
7,6408,39
7,6432,391
7,6453,24
7,6461,77
7,6467,11
7,6472,2
7,6478,4
7,6496,2
7,6517,2408
7,6539,12
7,6678,6
7,6830,12
7,6871,4
7,6939,25
7,6992,4
7,7011,5
7,7015,23
7,7018,68
7,7046,38
7,7105,2
7,7113,6
7,7132,78
7,7333,24
7,7342,30
7,7349,1
7,7377,3
7,7497,5
7,7726,30
7,7735,4
7,7805,2
7,7838,19
7,7859,18
7,7896,2
7,7941,2
7,8001,131
7,8002,1
7,8043,2
7,8062,2
7,8070,251
7,8075,222
7,8121,3
7,8151,1
7,8176,5
7,8180,5
7,8182,2
7,8190,5
7,8196,6
7,8220,1
7,8246,2
7,8321,1
7,8362,5
7,8468,1
7,8473,149
7,8522,2
7,8560,140
7,8642,34
7,8708,1
7,8972,4
7,9132,1
7,9156,620
7,9167,13
7,9194,4
7,9218,6
7,9271,4
7,9316,2
7,9318,33
7,9394,3
7,9443,5
7,9457,2
7,9471,7
7,9723,13
7,9768,4
7,9800,6
7,10077,4
7,10098,13
7,10292,5
7,10473,3
7,10532,19
7,10565,84
7,10683,1
7,10694,3
7,10738,11
7,10745,48
7,10754,1
7,10763,114
7,10790,142
7,10849,2
7,10882,2
7,10910,62
7,10912,16
7,10913,6
7,10933,17
7,11051,5
7,11078,2
7,11106,4
7,11115,83
7,11266,4
7,11305,65
7,11351,1
7,11414,9
7,11426,2
7,11456,13
7,11479,84
7,11486,93
7,11509,26
7,11590,8
7,11643,78
7,11743,2
7,11944,40
7,11955,4
7,12168,43
7,12179,41
7,12180,2
7,12181,4
7,12182,256
7,12217,8
7,12222,255
7,12271,2
7,12293,6
7,12312,8
7,12322,8
7,12552,8
7,12874,2
7,13401,14
7,13407,2
7,13462,3
7,13471,29
7,13488,5
7,13601,3
7,13609,2
7,13649,1
7,13693,2
7,13733,4
7,13749,60
7,13768,51
7,13797,1
7,13845,3
7,13867,56
7,13884,1
7,13890,50
7,13911,6
7,14051,2
7,14134,4
7,14265,2
7,14340,1
7,14361,1
7,14383,14
7,14425,95
7,14494,12
7,14537,2
7,14743,48
7,14744,363
7,14745,5
7,14776,5
7,14779,37
7,14780,635
7,14806,32
7,14825,6
7,14829,2
7,14833,2
7,14985,2
7,14992,7
7,15083,6
7,15169,4969
7,15216,11
7,15290,2
7,15293,1
7,15418,2
7,15830,19
7,15945,4
7,15965,1
7,15974,2
7,16206,1
7,16276,2
7,16406,2
7,16482,13
7,16509,85
7,16526,6
7,16582,5
7,16710,152
7,16733,2
7,16759,4
7,16805,8
7,16807,29
7,16966,63
7,17055,20
7,17184,3
7,17210,131
7,17225,42
7,17229,3
7,17230,7
7,17231,8
7,17233,7
7,17234,2
7,17358,4
7,17374,11
7,17430,1
7,17477,6
7,17621,2
7,17785,2
7,18101,6
7,18302,4
7,18566,12
7,18705,2
7,18713,2
7,18754,1
7,18924,4452
7,19024,28
7,19041,6
7,19057,64
7,19094,1
7,19152,16
7,19200,4
7,19262,7
7,19271,6
7,19292,6
7,19296,4
7,19306,633
7,19355,4
7,19373,5
7,19535,14
7,19647,38
7,20183,1
7,20284,15
7,20401,1
7,20461,7
7,20474,2
7,20718,4
7,20940,173
7,21054,26
7,21502,4
7,21506,2
7,21568,42
7,21792,8
7,21817,2
7,21839,1
7,21844,6652
7,22152,2
7,22171,6
7,22205,8
7,22219,2
7,22277,17
7,22489,10
7,22747,72
7,22753,2
7,22758,9
7,22822,60
7,22849,128
7,22982,8
7,23123,2
7,23342,11
7,23352,7
7,23504,27
7,24400,6
7,25108,1
7,25351,4
7,25577,1
7,25655,3
7,25751,59
7,25786,11
7,25847,19
7,25867,77
7,25969,6
7,25973,871
7,26056,77
7,26085,5
7,26101,68
7,26108,7
7,26201,21
7,26228,6
7,26229,16
7,26347,28
7,26458,11
7,26496,7
7,26711,3
7,26769,6
7,26914,3
7,27257,34
7,27357,24
7,27364,31
7,27477,16
7,27522,53
7,27699,1
7,28571,93
7,29131,2
7,29339,13
7,29550,58
7,29668,8
7,29717,7
7,29720,14
7,29748,2
7,29791,9
7,29816,5
7,29863,7
7,30060,2
7,30081,29
7,30099,39
7,30176,17
7,30217,97
7,30222,3
7,30315,123
7,30380,38
7,30589,16
7,31797,2
7,31800,12
7,31846,4
7,31883,2
7,31976,9
7,31983,2
7,32070,1
7,32313,57
7,32400,6
7,32613,2
7,32799,4
7,32934,7
7,32952,2
7,33070,67
7,33130,2
7,33322,2
7,33419,71
7,33554,8
7,33694,48
7,34104,2
7,35216,2
7,35845,1
7,36116,28
7,36221,5
7,36347,27
7,36561,14
7,36717,6
7,36784,1
7,36839,23
7,36856,1135
8,3,212
8,4,2
8,8,10
8,9,12
8,11,2
8,12,2
8,14,40
8,16,2
8,17,1
8,18,24
8,25,31
8,26,45
8,27,21
8,29,5
8,31,36
8,38,14
8,41,8
8,47,14
8,49,7
8,55,8
8,59,3
8,70,201
8,71,14
8,73,18
8,81,28
8,87,2
8,88,2
8,103,12
8,109,345
8,132,4
8,137,7
8,140,5
8,156,1
8,174,30
8,209,97
8,217,3
8,224,15
8,225,832
8,226,43
8,237,4
8,239,13
8,271,20
8,299,6
8,378,24
8,513,19
8,553,10
8,557,12
8,559,55
8,577,10
8,679,33
8,680,36
8,701,56
8,702,23
8,714,30
8,786,106
8,794,5
8,852,5
8,1103,27
8,1109,3
8,1114,3
8,1221,5
8,1239,255
8,1254,34
8,1257,1
8,1267,57
8,1312,31
8,1313,11
8,1653,18
8,1659,1407
8,1668,658
8,1680,16
8,1706,48
8,1712,28
8,1715,3
8,1742,27
8,1749,18
8,1757,26
8,1784,4
8,1842,8
8,1930,1
8,2107,1
8,2110,3
8,2116,3
8,2152,770
8,2200,13
8,2259,4
8,2269,2
8,2386,54
8,2497,3
8,2506,1
8,2514,3
8,2553,119
8,2611,8
8,2614,169
8,2637,18
8,2669,6
8,2828,282
8,2833,1
8,2834,23
8,2843,16
8,2846,6
8,2856,3
8,2857,8
8,2900,849
8,2907,3
8,2914,195
8,3112,1
8,3209,1
8,3215,45
8,3240,178
8,3265,19
8,3268,12
8,3269,998
8,3320,3
8,3330,1
8,3340,2
8,3356,102
8,3388,6
8,3462,1701
8,3464,7
8,3479,5
8,3491,1
8,3527,10
8,3557,17
8,3561,325
8,3575,7
8,3595,2
8,3598,18
8,3701,132
8,3741,6
8,3786,1
8,3816,1317
8,3851,3
8,3957,61
8,3999,70
8,4130,2
8,4134,1115
8,4181,43
8,4230,2
8,4264,29
8,4265,129
8,4266,40
8,4267,25
8,4323,41
8,4355,14
8,4378,38
8,4513,28
8,4538,52
8,4565,2
8,4605,1
8,4675,29
8,4682,1
8,4694,3
8,4713,2690
8,4716,3
8,4725,28
8,4732,602
8,4739,5
8,4755,190
8,4766,4416
8,4771,8
8,4814,3
8,4837,9
8,4847,3
8,4927,2
8,4996,51
8,5078,4
8,5400,8
8,5408,2
8,5417,12
8,5511,1
8,5610,7
8,5617,7
8,5650,36
8,5653,16
8,5662,3564
8,5686,4
8,5719,22
8,5723,50
8,5731,4
8,5739,3
8,5744,514
8,5763,1
8,5957,1
8,6057,4
8,6079,3
8,6128,3
8,6140,376
8,6221,1
8,6245,3
8,6307,26
8,6327,4
8,6334,118
8,6364,5
8,6366,3
8,6453,23
8,6459,55
8,6461,59
8,6478,1
8,6510,5
8,6517,1125
8,6629,6
8,6641,5
8,6650,5
8,6678,1
8,6724,47
8,6746,317
8,6830,381
8,6871,3
8,6893,1
8,6917,2
8,6939,24
8,6994,3
8,7011,1
8,7015,7
8,7018,557
8,7045,2
8,7065,62
8,7132,48
8,7151,1
8,7258,3
8,7263,3
8,7301,8
8,7314,15
8,7317,33
8,7324,1
8,7342,5
8,7349,4
8,7355,170
8,7362,11
8,7377,11
8,7393,2
8,7472,11
8,7496,1
8,7497,7
8,7509,11
8,7543,2
8,7575,4
8,7582,3
8,7735,9
8,7796,1
8,7805,1
8,7859,45
8,7896,5
8,7939,18
8,8001,52
8,8043,1
8,8062,1
8,8069,9
8,8070,212
8,8075,271
8,8121,1
8,8137,52
8,8151,47
8,8176,4
8,8182,3
8,8188,7
8,8190,1
8,8196,2
8,8220,24
8,8246,1
8,8342,78
8,8365,6
8,8468,6
8,8522,1
8,8560,187
8,8689,2524
8,8708,296
8,8972,5
8,9044,1
8,9095,1
8,9148,3
8,9155,1
8,9167,2
8,9271,1
8,9304,1
8,9308,169
8,9316,308
8,9318,3078
8,9370,1
8,9371,4166
8,9394,3
8,9431,6
8,9457,7
8,9471,3
8,9583,926
8,9768,2
8,9800,2296
8,9808,1057
8,9829,1
8,9848,3428
8,9924,112
8,10077,1
8,10204,5
8,10292,1
8,10316,46
8,10318,3
8,10343,155
8,10429,155
8,10437,3
8,10439,1835
8,10532,6
8,10565,13
8,10683,1
8,10753,12
8,10755,174
8,10763,78
8,10823,4
8,10910,8
8,10912,1
8,10913,21
8,10933,37
8,10950,3
8,10965,2
8,11022,3
8,11051,4
8,11078,29
8,11106,13
8,11172,2
8,11303,9
8,11305,13
8,11426,1
8,11427,7
8,11486,356
8,11499,10
8,11563,5
8,11588,5
8,11643,12
8,11734,1
8,11736,5
8,11739,7
8,11743,7
8,11771,10
8,11834,7
8,11922,10
8,11941,4
8,11944,4
8,11995,7
8,12168,317
8,12181,1
8,12222,69
8,12306,14
8,12312,2
8,12322,3
8,12337,4
8,12437,2
8,12552,40
8,13030,2
8,13326,11
8,13409,4
8,13462,19
8,13488,1
8,13601,12
8,13609,3
8,13640,18
8,13649,2
8,13680,1416
8,13693,1
8,13749,5156
8,13767,12
8,13768,1684
8,13789,5
8,13827,53
8,13867,3
8,13890,40
8,13894,3
8,14051,1
8,14116,3
8,14131,1
8,14135,2
8,14173,4
8,14242,8
8,14265,4
8,14361,7
8,14425,8
8,14492,10
8,14494,4
8,14501,501
8,14550,7
8,14589,13
8,14742,14
8,14743,13
8,14744,2
8,14750,2
8,14779,9
8,14780,64
8,14829,5
8,14833,4
8,14985,1
8,14992,49
8,15065,3
8,15076,2501
8,15083,84
8,15169,23443
8,15171,2
8,15216,1
8,15247,1
8,15270,4
8,15290,1
8,15395,5
8,15412,1
8,15598,6
8,15635,4
8,15649,5
8,15830,2
8,15965,1
8,15974,1
8,16046,1
8,16150,8
8,16206,971
8,16237,3
8,16276,1
8,16429,9
8,16458,2
8,16509,83
8,16805,7
8,16807,6
8,16852,15
8,16966,8
8,17055,20
8,17184,1
8,17225,3
8,17374,55
8,17455,38
8,17477,5
8,17557,2182
8,17621,1
8,17785,1
8,17820,2
8,17964,51
8,18101,9
8,18159,5
8,18229,853
8,18267,124
8,18302,1
8,18447,3
8,18566,5
8,18588,4
8,18713,8
8,18942,11
8,19024,3
8,19029,6
8,19043,20
8,19094,1
8,19169,177
8,19250,4
8,19262,13
8,19271,3
8,19296,2
8,19647,1
8,19742,1303
8,19842,7
8,19875,1
8,19916,15804
8,20183,3
8,20401,8
8,20474,1
8,20569,3
8,20676,4
8,20718,4
8,20849,14
8,20940,68
8,21260,8
8,21459,2
8,21502,1
8,21548,2
8,21568,6
8,21708,4
8,21840,5
8,21844,176
8,21845,2
8,21910,5
8,22001,1
8,22152,1
8,22205,40
8,22229,12
8,22277,9
8,22489,3
8,22625,23
8,22822,110
8,22915,3
8,22982,40
8,23123,8
8,23287,6
8,23320,3
8,23342,55
8,23352,4
8,23504,5
8,23719,9
8,23750,78
8,24400,4
8,24587,1
8,25108,2
8,25351,1
8,25751,3
8,25752,3
8,25847,13
8,25897,9
8,25973,2
8,26101,72
8,26108,1
8,26201,17
8,26228,27
8,26238,85
8,26347,16
8,26367,849
8,26496,31
8,26677,6
8,26753,2
8,26914,20
8,27357,121
8,27364,7
8,27522,13
8,27810,64
8,28576,505
8,28990,26
8,29131,1
8,29255,1
8,29550,20
8,29668,8
8,29720,31
8,29791,14
8,29825,1
8,29838,3
8,29854,11
8,29863,2014
8,29873,15
8,30058,3
8,30060,7
8,30081,11
8,30099,9
8,30176,25
8,30209,3
8,30217,669
8,30315,98
8,30380,43
8,30387,3
8,30447,15
8,30475,10
8,30496,1
8,30687,19
8,30983,1
8,31110,1
8,31312,1
8,31442,5
8,31708,25
8,31797,1
8,31815,1
8,31883,5
8,31898,169
8,31976,3
8,32067,9
8,32244,3
8,32329,1
8,32346,22
8,32400,5
8,32575,94
8,32613,1340
8,32618,1
8,32632,989
8,32799,65
8,32878,15
8,33070,54
8,33130,1
8,33176,3
8,33322,2
8,33554,40
8,34104,1
8,35177,1
8,35216,1
8,35845,6
8,36017,24
8,36323,2
8,36351,865
8,36420,9
8,36561,91
8,36752,6
8,36784,1
8,36816,10
8,36850,3
8,36856,205
8,40092,4
9,3,62
9,9,3
9,18,4
9,25,18
9,41,2
9,47,6
9,55,2
9,70,2
9,71,53
9,73,4
9,88,2
9,102,1687
9,111,15
9,127,32
9,137,10
9,174,191
9,209,597
9,217,4
9,226,341
9,237,4
9,297,2
9,299,14
9,553,236
9,559,63
9,625,2
9,680,15
9,701,39
9,714,59
9,786,1
9,797,320
9,852,1
9,1213,4
9,1226,5
9,1239,180
9,1267,5
9,1294,3
9,1299,2
9,1313,1
9,1668,591
9,1767,1
9,1889,1
9,2013,95
9,2044,1
9,2140,262
9,2152,10077
9,2165,2
9,2386,23
9,2497,14
9,2553,28
9,2637,18
9,2701,2
9,2714,46
9,2828,134
9,2911,159
9,2914,1118
9,3064,172
9,3079,6
9,3268,22
9,3313,3
9,3340,12
9,3356,1417
9,3379,44
9,3458,20
9,3491,2
9,3549,125
9,3557,46
9,3561,2742
9,3595,41
9,3598,13
9,3614,108
9,3699,4
9,3701,8
9,3707,202
9,3742,12
9,3794,12
9,3901,18
9,4182,411
9,4264,18
9,4265,228
9,4266,6
9,4267,27
9,4323,369
9,4355,49
9,4436,181
9,4513,22
9,4678,2
9,4713,1
9,4977,2
9,5048,288
9,5061,19
9,5067,7
9,5413,2
9,5417,2
9,5464,1
9,5539,19
9,5662,216
9,5686,17
9,5719,2
9,5774,135
9,5779,7192
9,6130,2
9,6140,1
9,6181,2
9,6197,2
9,6245,2
9,6307,67
9,6318,357
9,6334,287
9,6354,58
9,6356,2
9,6364,9
9,6381,5
9,6407,1
9,6431,1
9,6432,1799
9,6453,338
9,6461,40
9,6478,6
9,6508,1
9,6539,1
9,6866,18
9,6936,3
9,6939,300
9,6971,53
9,6983,5
9,6984,1
9,6992,8
9,7018,265
9,7065,9
9,7091,83
9,7105,1
9,7132,301
9,7151,2
9,7224,46
9,7228,3
9,7252,1
9,7260,68
9,7296,2
9,7324,1
9,7342,24
9,7349,370
9,7377,2
9,7384,2
9,7393,12
9,7395,18
9,7726,10
9,7735,6
9,7743,444
9,7796,5
9,7837,3
9,7839,95
9,7859,65
9,7912,12
9,7961,3
9,8001,19
9,8002,11
9,8070,355
9,8075,850
9,8119,2
9,8121,77
9,8137,56
9,8176,85
9,8182,159
9,8220,1
9,8404,41
9,8560,6
9,8638,4
9,8643,32
9,8881,2
9,8912,5
9,8972,4
9,9143,2
9,9194,116
9,9221,5
9,9452,2
9,9729,20
9,9929,4
9,10297,2
9,10316,36
9,10430,5
9,10442,37
9,10464,1
9,10532,65
9,10565,11
9,10692,13
9,10701,2
9,10736,1
9,10755,8
9,10763,132
9,10788,289
9,10790,5
9,10794,1181
9,10843,7
9,10884,69
9,10910,79
9,10912,205
9,10913,27
9,10933,43
9,10966,2
9,11022,4
9,11023,13
9,11040,21
9,11051,4
9,11111,2
9,11184,31
9,11266,1405
9,11274,17
9,11303,29
9,11305,200
9,11329,29
9,11339,1
9,11383,22
9,11403,2
9,11421,5
9,11440,4
9,11442,2
9,11486,492
9,11499,6
9,11563,7
9,11565,5
9,11634,1
9,11643,118
9,11669,95
9,11734,2
9,11743,2
9,11790,6
9,11817,4
9,11922,26
9,11944,627
9,12079,58
9,12111,55
9,12129,4
9,12147,66
9,12168,2337
9,12179,302
9,12180,38
9,12182,553
9,12188,48
9,12217,97
9,12222,650
9,12312,7
9,12363,23
9,12552,1
9,12651,2
9,13030,4
9,13322,20
9,13323,43
9,13401,28
9,13513,1
9,13593,5
9,13601,120
9,13640,15
9,13649,7
9,13650,15
9,13680,16
9,13703,10
9,13749,14
9,13756,190
9,13760,1
9,13767,26
9,13768,2
9,13789,4
9,13867,121
9,13884,1
9,13890,88
9,13930,4
9,14033,96
9,14116,2
9,14135,3
9,14173,44
9,14280,7
9,14297,17
9,14299,8
9,14361,26
9,14383,7
9,14443,17
9,14492,112
9,14494,31
9,14501,8
9,14566,100
9,14711,31
9,14719,28
9,14742,25
9,14743,23
9,14744,22
9,14745,4
9,14776,8
9,14779,110
9,14780,14983
9,14806,65
9,14829,130
9,14835,3
9,14904,66
9,14912,47
9,14925,13
9,14992,23
9,15104,199
9,15130,3
9,15169,23639
9,15171,11
9,15226,101
9,15247,5
9,15270,19
9,15334,21
9,15395,8
9,15496,19
9,15598,23
9,15830,2
9,16276,18
9,16399,1
9,16429,1
9,16432,85
9,16509,377
9,16518,2
9,16546,3
9,16667,6
9,16711,48
9,16759,2
9,16805,30
9,16807,72
9,16810,9
9,16861,27
9,16966,37
9,17012,50
9,17020,211
9,17052,2
9,17055,3
9,17110,46
9,17225,415
9,17226,325
9,17227,119
9,17228,42
9,17229,66
9,17230,24
9,17231,48
9,17232,60
9,17233,4
9,17374,2
9,17392,11
9,18462,1
9,18549,5
9,18713,23
9,18754,2
9,19024,4
9,19029,3
9,19041,63
9,19262,5
9,19288,2
9,19292,1
9,19296,271
9,19306,4
9,19318,2
9,19355,13
9,19443,1
9,19536,62
9,19647,1
9,19773,4
9,19885,7
9,19893,17
9,19916,7
9,20021,13
9,20029,7
9,20141,1
9,20159,11
9,20183,23
9,20284,3
9,20401,14
9,20461,1013
9,20940,1626
9,21399,2
9,21568,26
9,21622,6
9,21709,3
9,21735,29
9,21736,13
9,21792,13
9,21840,2
9,21844,280
9,21845,6
9,21910,1
9,21945,19
9,22078,2
9,22205,30
9,22277,36
9,22294,7
9,22373,28
9,22489,7
9,22527,3
9,22658,94
9,22747,19
9,22758,43
9,22822,580
9,22849,20
9,22883,12
9,22903,2
9,22958,52
9,22982,1
9,23010,2
9,23081,11
9,23273,2
9,23274,52
9,23287,2
9,23342,11
9,23352,8
9,23377,2
9,23393,14
9,23504,29
9,23516,5
9,23816,1
9,23880,1
9,24996,1
9,25041,4
9,25108,32
9,25655,2
9,25720,5
9,25737,10
9,25751,182
9,25817,7
9,25881,8
9,25897,7
9,25973,4
9,26062,113
9,26085,77
9,26101,3441
9,26108,2
9,26201,35
9,26228,53
9,26347,7
9,26381,5
9,26447,42
9,26488,2
9,26496,16
9,26627,49
9,26753,22
9,26856,34
9,26914,12
9,26978,5
9,27357,48
9,27445,1
9,27473,2
9,27474,2
9,27482,2
9,27557,2
9,29222,1
9,29527,2
9,29668,14
9,29699,1
9,29720,76
9,29738,2
9,29748,2
9,29791,11
9,29796,6
9,29802,2
9,29816,4
9,29854,8
9,29863,2
9,29873,299
9,29960,19
9,29973,12
9,30060,14
9,30081,1
9,30099,18
9,30197,1
9,30209,2
9,30217,79
9,30282,5
9,30315,228
9,30475,51
9,30636,4
9,30678,23
9,30756,7
9,31004,1
9,31591,3
9,31815,354
9,31883,40
9,32025,17
9,32181,1
9,32244,35
9,32275,1
9,32313,7
9,32392,20
9,32475,2
9,32613,1
9,32748,15
9,32787,12
9,32962,2
9,33070,44
9,33085,13
9,33182,3
9,33260,10
9,33322,2
9,33419,174
9,33549,2
9,33554,1
9,33694,168
9,33724,1
9,33739,77
9,34013,5
9,34768,6
9,35845,5
9,36017,6
9,36024,2
9,36031,20
9,36088,7005
9,36221,3
9,36323,10
9,36347,4
9,36351,3
9,36420,52
9,36431,53
9,36561,56
9,36839,107
9,36850,1
9,36856,99
